CustomerID,Age,Gender,AnnualIncome,TenureYears,PreferredChannel,PreferredCategory,Recency,Frequency,MonetaryValue,AvgBasketSize,LoyaltyMember,Segment,SegmentLabel
CUST00001,46,Female,83293.11,4.71,Online,Groceries,10,28,4647.83,165.99,1,0,VIP / Premium Loyalists
CUST00002,48,Male,43193.84,13.19,Online,Fashion,139,1,293.05,293.05,1,4,Steady Regulars
CUST00003,42,Male,98738.38,6.46,In-Store,Electronics,49,3,2043.26,681.09,1,3,Budget Shoppers
CUST00004,47,Female,115323.25,4.41,Online,Electronics,44,5,3420.56,684.11,0,3,Budget Shoppers
CUST00005,27,Male,31301.8,0.62,In-Store,Beauty,12,16,633.32,39.58,0,2,Occasional Big Spenders
CUST00006,25,Male,32911.78,2.35,Online,Electronics,16,20,310.55,15.53,1,2,Occasional Big Spenders
CUST00007,32,Female,23115.52,4.2,Mobile App,Beauty,17,22,612.34,27.83,0,2,Occasional Big Spenders
CUST00008,48,Female,68347.56,2.96,Online,Home & Garden,99,2,50.0,25.0,1,1,At-Risk / Disengaged
CUST00009,34,Female,121160.92,1.09,In-Store,Fashion,69,5,2505.87,501.17,0,3,Budget Shoppers
CUST00010,35,Female,76889.91,2.85,In-Store,Groceries,29,2,1954.82,977.41,0,3,Budget Shoppers
CUST00011,32,Male,33288.09,7.09,Online,Beauty,15,21,431.59,20.55,0,2,Occasional Big Spenders
CUST00012,40,Female,67506.54,0.58,Mobile App,Electronics,169,1,308.88,308.88,0,1,At-Risk / Disengaged
CUST00013,28,Male,41667.84,3.57,In-Store,Beauty,101,5,470.46,94.09,0,1,At-Risk / Disengaged
CUST00014,24,Male,37748.95,1.15,Online,Sports,12,14,494.46,35.32,1,2,Occasional Big Spenders
CUST00015,35,Male,49367.02,1.6,Online,Beauty,10,16,642.88,40.18,1,2,Occasional Big Spenders
CUST00016,29,Female,28195.55,0.45,Mobile App,Electronics,16,9,411.4,45.71,0,2,Occasional Big Spenders
CUST00017,45,Male,145891.16,2.62,In-Store,Sports,6,25,4186.86,167.47,0,0,VIP / Premium Loyalists
CUST00018,49,Female,116701.31,2.09,Online,Sports,50,9,2007.73,223.08,1,3,Budget Shoppers
CUST00019,50,Female,102814.16,4.78,Online,Electronics,10,31,4856.39,156.66,1,0,VIP / Premium Loyalists
CUST00020,30,Male,43068.17,3.19,Mobile App,Sports,27,15,672.08,44.81,1,2,Occasional Big Spenders
CUST00021,36,Female,97640.85,4.46,In-Store,Fashion,63,4,3058.07,764.52,0,3,Budget Shoppers
CUST00022,25,Female,33194.29,5.96,In-Store,Groceries,15,22,376.59,17.12,1,2,Occasional Big Spenders
CUST00023,20,Female,40970.03,2.15,Online,Fashion,20,29,553.83,19.1,1,2,Occasional Big Spenders
CUST00024,47,Male,120760.45,10.75,In-Store,Fashion,8,31,3046.8,98.28,0,4,Steady Regulars
CUST00025,41,Female,113881.8,1.7,Online,Electronics,12,18,4306.38,239.24,0,0,VIP / Premium Loyalists
CUST00026,27,Male,42798.02,0.1,Online,Electronics,124,4,236.9,59.22,0,1,At-Risk / Disengaged
CUST00027,35,Female,34474.0,0.27,In-Store,Groceries,11,27,382.8,14.18,0,2,Occasional Big Spenders
CUST00028,18,Female,106675.45,0.8,Mobile App,Beauty,60,8,3717.38,464.67,1,3,Budget Shoppers
CUST00029,44,Male,93214.83,10.33,Online,Fashion,73,4,1732.13,433.03,0,4,Steady Regulars
CUST00030,24,Female,42183.11,0.1,Online,Sports,13,14,499.63,35.69,0,2,Occasional Big Spenders
CUST00031,27,Female,120987.76,3.68,In-Store,Groceries,44,8,3039.91,379.99,1,3,Budget Shoppers
CUST00032,29,Female,38679.43,0.1,In-Store,Fashion,20,13,648.49,49.88,0,2,Occasional Big Spenders
CUST00033,28,Male,40672.03,0.34,Mobile App,Beauty,14,25,498.54,19.94,1,2,Occasional Big Spenders
CUST00034,57,Male,38887.51,4.79,In-Store,Sports,120,1,367.76,367.76,0,1,At-Risk / Disengaged
CUST00035,30,Other,21656.89,3.56,Online,Fashion,106,1,109.93,109.93,0,1,At-Risk / Disengaged
CUST00036,44,Female,55581.97,0.33,Mobile App,Home & Garden,134,3,231.48,77.16,0,1,At-Risk / Disengaged
CUST00037,45,Female,86832.71,1.58,In-Store,Groceries,14,29,4023.23,138.73,0,0,VIP / Premium Loyalists
CUST00038,27,Male,27989.45,0.12,Mobile App,Electronics,15,17,587.08,34.53,1,2,Occasional Big Spenders
CUST00039,29,Male,89940.19,0.46,In-Store,Fashion,72,7,2400.17,342.88,0,3,Budget Shoppers
CUST00040,50,Female,115510.21,8.19,Mobile App,Sports,5,35,4486.34,128.18,0,0,VIP / Premium Loyalists
CUST00041,31,Female,40081.37,0.9,Online,Sports,23,15,797.61,53.17,1,2,Occasional Big Spenders
CUST00042,47,Male,118026.87,0.25,Online,Groceries,17,22,4363.64,198.35,0,0,VIP / Premium Loyalists
CUST00043,24,Female,31128.91,1.61,Mobile App,Groceries,12,20,678.43,33.92,1,2,Occasional Big Spenders
CUST00044,28,Female,94475.16,15.0,Online,Sports,117,2,390.4,195.2,0,4,Steady Regulars
CUST00045,27,Male,35960.25,3.04,Online,Sports,20,13,561.39,43.18,1,2,Occasional Big Spenders
CUST00046,23,Male,111791.82,1.16,In-Store,Sports,58,2,2168.88,1084.44,1,3,Budget Shoppers
CUST00047,47,Male,130941.97,9.24,Mobile App,Fashion,15,21,5062.94,241.09,1,4,Steady Regulars
CUST00048,38,Female,65606.86,0.59,Online,Sports,36,8,2925.49,365.69,1,3,Budget Shoppers
CUST00049,51,Male,119841.64,0.5,Mobile App,Electronics,36,7,3145.82,449.4,0,3,Budget Shoppers
CUST00050,28,Male,37590.4,3.07,In-Store,Sports,13,10,592.44,59.24,0,2,Occasional Big Spenders
CUST00051,44,Female,15000.0,10.46,In-Store,Electronics,154,1,256.51,256.51,0,1,At-Risk / Disengaged
CUST00052,22,Male,62109.4,0.42,Mobile App,Fashion,83,5,215.03,43.01,0,1,At-Risk / Disengaged
CUST00053,34,Male,57155.61,1.69,Online,Groceries,122,1,419.55,419.55,0,1,At-Risk / Disengaged
CUST00054,29,Male,59733.86,0.55,Online,Electronics,78,2,362.48,181.24,1,1,At-Risk / Disengaged
CUST00055,35,Female,132381.46,0.58,Online,Fashion,51,7,3521.2,503.03,0,3,Budget Shoppers
CUST00056,38,Female,45096.79,8.28,In-Store,Sports,103,3,217.49,72.5,0,1,At-Risk / Disengaged
CUST00057,31,Male,34354.27,0.91,In-Store,Fashion,16,8,737.45,92.18,0,2,Occasional Big Spenders
CUST00058,29,Female,18192.65,0.1,Mobile App,Sports,39,14,660.51,47.18,0,2,Occasional Big Spenders
CUST00059,33,Female,26680.75,3.04,In-Store,Fashion,20,13,506.43,38.96,1,2,Occasional Big Spenders
CUST00060,60,Male,120944.32,3.85,In-Store,Groceries,4,24,5802.73,241.78,0,0,VIP / Premium Loyalists
CUST00061,47,Male,131013.09,2.0,In-Store,Electronics,12,31,4710.98,151.97,0,0,VIP / Premium Loyalists
CUST00062,21,Male,28826.97,2.29,Online,Groceries,17,23,562.14,24.44,0,2,Occasional Big Spenders
CUST00063,54,Male,56803.01,4.95,Online,Home & Garden,113,4,442.74,110.68,0,1,At-Risk / Disengaged
CUST00064,35,Female,124429.33,0.51,Mobile App,Sports,11,32,3990.88,124.72,1,0,VIP / Premium Loyalists
CUST00065,26,Female,35124.63,0.74,Online,Electronics,6,11,839.18,76.29,1,2,Occasional Big Spenders
CUST00066,30,Male,67050.91,0.19,Online,Groceries,40,3,2379.32,793.11,0,3,Budget Shoppers
CUST00067,35,Male,43078.54,1.1,In-Store,Electronics,9,29,747.26,25.77,1,2,Occasional Big Spenders
CUST00068,31,Male,43186.34,1.53,Online,Home & Garden,119,1,116.06,116.06,1,1,At-Risk / Disengaged
CUST00069,32,Female,54518.02,4.67,Mobile App,Beauty,26,21,689.21,32.82,1,2,Occasional Big Spenders
CUST00070,45,Male,46209.71,0.32,Online,Sports,132,3,366.37,122.12,0,1,At-Risk / Disengaged
CUST00071,18,Female,48524.91,1.12,Online,Sports,90,1,321.59,321.59,1,1,At-Risk / Disengaged
CUST00072,34,Male,47116.14,0.19,Online,Fashion,21,15,361.98,24.13,0,2,Occasional Big Spenders
CUST00073,30,Female,27253.24,1.26,In-Store,Sports,16,11,509.79,46.34,0,2,Occasional Big Spenders
CUST00074,39,Female,70961.22,3.01,Online,Sports,118,2,307.64,153.82,0,1,At-Risk / Disengaged
CUST00075,39,Male,104779.36,2.36,In-Store,Groceries,46,6,2308.61,384.77,0,3,Budget Shoppers
CUST00076,32,Female,115689.56,0.68,Mobile App,Sports,40,5,3325.96,665.19,0,3,Budget Shoppers
CUST00077,26,Other,63423.87,2.93,Mobile App,Sports,111,5,219.18,43.84,0,1,At-Risk / Disengaged
CUST00078,28,Male,52781.57,2.98,Online,Home & Garden,5,21,489.76,23.32,0,2,Occasional Big Spenders
CUST00079,44,Female,107403.59,1.06,Online,Home & Garden,8,23,4971.1,216.13,0,0,VIP / Premium Loyalists
CUST00080,38,Male,46675.95,0.22,In-Store,Electronics,2,20,599.69,29.98,1,2,Occasional Big Spenders
CUST00081,25,Female,74586.75,0.96,Mobile App,Electronics,170,2,368.28,184.14,0,1,At-Risk / Disengaged
CUST00082,53,Male,75185.97,1.83,Mobile App,Sports,34,5,2661.73,532.35,1,3,Budget Shoppers
CUST00083,47,Female,78882.09,1.62,Online,Sports,9,29,2605.01,89.83,1,0,VIP / Premium Loyalists
CUST00084,29,Female,40559.98,0.1,In-Store,Fashion,31,17,859.03,50.53,0,2,Occasional Big Spenders
CUST00085,49,Female,111520.11,0.41,Online,Electronics,10,18,4335.49,240.86,0,0,VIP / Premium Loyalists
CUST00086,34,Female,141669.3,6.35,Online,Groceries,7,32,3228.37,100.89,1,0,VIP / Premium Loyalists
CUST00087,28,Female,89304.65,0.23,Online,Sports,63,6,4423.53,737.26,1,3,Budget Shoppers
CUST00088,42,Male,85505.55,3.08,Online,Groceries,50,7,3207.68,458.24,1,3,Budget Shoppers
CUST00089,26,Female,30031.51,2.75,Online,Sports,65,4,167.6,41.9,1,1,At-Risk / Disengaged
CUST00090,28,Female,126726.47,7.63,Online,Groceries,8,26,4198.76,161.49,1,4,Steady Regulars
CUST00091,27,Female,34208.88,2.34,In-Store,Beauty,22,17,640.11,37.65,0,2,Occasional Big Spenders
CUST00092,41,Female,85871.78,2.97,Online,Groceries,41,4,2552.89,638.22,0,3,Budget Shoppers
CUST00093,35,Female,49863.22,2.8,In-Store,Electronics,153,4,297.0,74.25,0,1,At-Risk / Disengaged
CUST00094,45,Female,83292.57,0.4,Online,Sports,53,1,2844.77,2844.77,0,3,Budget Shoppers
CUST00095,28,Male,47195.43,1.12,Online,Electronics,122,4,291.54,72.89,0,1,At-Risk / Disengaged
CUST00096,49,Male,52234.58,0.97,Online,Groceries,9,26,3565.37,137.13,0,0,VIP / Premium Loyalists
CUST00097,52,Male,116937.71,10.29,Online,Home & Garden,42,9,2904.07,322.67,1,4,Steady Regulars
CUST00098,42,Male,98727.02,0.43,In-Store,Home & Garden,6,22,3634.59,165.21,0,0,VIP / Premium Loyalists
CUST00099,25,Female,36363.33,0.55,Online,Home & Garden,16,18,665.54,36.97,0,2,Occasional Big Spenders
CUST00100,33,Male,38996.22,3.27,In-Store,Sports,33,13,568.66,43.74,0,2,Occasional Big Spenders
CUST00101,20,Male,33201.88,2.2,Online,Fashion,6,9,681.22,75.69,0,2,Occasional Big Spenders
CUST00102,45,Other,94461.97,0.75,In-Store,Beauty,42,5,2789.36,557.87,0,3,Budget Shoppers
CUST00103,41,Male,117836.08,0.46,In-Store,Groceries,2,25,4187.75,167.51,1,0,VIP / Premium Loyalists
CUST00104,43,Male,59717.16,0.98,Online,Fashion,76,4,2771.94,692.98,0,3,Budget Shoppers
CUST00105,33,Male,75675.63,6.68,Online,Home & Garden,79,1,476.54,476.54,1,1,At-Risk / Disengaged
CUST00106,26,Male,44138.61,2.76,Online,Groceries,6,10,538.99,53.9,1,2,Occasional Big Spenders
CUST00107,62,Female,97885.7,0.28,In-Store,Fashion,11,26,5241.39,201.59,1,0,VIP / Premium Loyalists
CUST00108,54,Female,32130.65,3.42,Online,Electronics,122,3,506.66,168.89,0,1,At-Risk / Disengaged
CUST00109,25,Female,36477.44,1.62,In-Store,Home & Garden,4,13,780.06,60.0,0,2,Occasional Big Spenders
CUST00110,24,Male,31388.72,2.17,In-Store,Fashion,12,19,493.82,25.99,1,2,Occasional Big Spenders
CUST00111,32,Female,28945.64,1.43,Mobile App,Sports,4,26,551.6,21.22,0,2,Occasional Big Spenders
CUST00112,26,Male,40133.5,5.19,In-Store,Electronics,25,15,605.79,40.39,1,2,Occasional Big Spenders
CUST00113,27,Male,63917.6,5.01,In-Store,Home & Garden,122,3,483.42,161.14,0,1,At-Risk / Disengaged
CUST00114,41,Male,37193.95,0.76,Online,Beauty,131,4,274.76,68.69,0,1,At-Risk / Disengaged
CUST00115,29,Male,59605.58,5.45,Mobile App,Home & Garden,76,4,2645.12,661.28,1,3,Budget Shoppers
CUST00116,32,Male,29891.7,5.62,In-Store,Sports,147,3,331.91,110.64,1,1,At-Risk / Disengaged
CUST00117,33,Male,54238.7,4.49,Online,Beauty,113,5,358.92,71.78,1,1,At-Risk / Disengaged
CUST00118,31,Other,26689.59,4.16,Mobile App,Beauty,19,20,604.55,30.23,0,2,Occasional Big Spenders
CUST00119,40,Male,40229.65,3.96,Online,Beauty,104,4,448.59,112.15,0,1,At-Risk / Disengaged
CUST00120,38,Male,136407.38,2.08,Mobile App,Groceries,61,2,2854.9,1427.45,0,3,Budget Shoppers
CUST00121,44,Male,55717.38,0.1,Mobile App,Groceries,159,4,283.39,70.85,0,1,At-Risk / Disengaged
CUST00122,20,Female,62426.82,0.68,Online,Beauty,92,5,249.26,49.85,1,1,At-Risk / Disengaged
CUST00123,58,Male,117893.43,3.23,In-Store,Electronics,3,27,5157.31,191.01,0,0,VIP / Premium Loyalists
CUST00124,24,Female,23401.15,3.14,Online,Beauty,6,16,476.95,29.81,1,2,Occasional Big Spenders
CUST00125,36,Other,31802.91,1.78,Online,Fashion,17,23,387.25,16.84,1,2,Occasional Big Spenders
CUST00126,31,Male,133330.97,2.62,Online,Beauty,6,25,3531.39,141.26,0,0,VIP / Premium Loyalists
CUST00127,28,Male,52768.27,3.39,In-Store,Groceries,166,6,547.38,91.23,1,1,At-Risk / Disengaged
CUST00128,50,Male,40628.16,0.24,Online,Groceries,145,3,457.49,152.5,1,1,At-Risk / Disengaged
CUST00129,26,Female,31374.18,0.87,Online,Fashion,21,23,613.26,26.66,0,2,Occasional Big Spenders
CUST00130,51,Male,87227.68,0.62,In-Store,Fashion,32,4,2705.33,676.33,1,3,Budget Shoppers
CUST00131,57,Male,122616.23,0.5,Online,Home & Garden,4,35,5176.83,147.91,1,0,VIP / Premium Loyalists
CUST00132,30,Male,44179.27,1.33,Online,Electronics,13,24,309.4,12.89,1,2,Occasional Big Spenders
CUST00133,25,Female,26043.06,0.45,Online,Electronics,16,9,648.48,72.05,0,2,Occasional Big Spenders
CUST00134,44,Male,130659.28,6.49,Online,Electronics,7,22,4521.42,205.52,1,0,VIP / Premium Loyalists
CUST00135,21,Male,15000.0,4.35,Online,Sports,119,6,499.35,83.22,0,1,At-Risk / Disengaged
CUST00136,41,Female,117095.57,4.28,Online,Groceries,4,26,3741.25,143.89,1,0,VIP / Premium Loyalists
CUST00137,37,Female,91333.87,0.79,Mobile App,Electronics,32,4,2641.46,660.36,0,3,Budget Shoppers
CUST00138,41,Female,89531.04,0.16,In-Store,Home & Garden,69,5,2790.19,558.04,0,3,Budget Shoppers
CUST00139,26,Male,127680.91,11.05,Online,Home & Garden,11,22,4253.59,193.34,1,4,Steady Regulars
CUST00140,41,Female,48356.76,11.94,Online,Electronics,102,4,189.7,47.42,0,4,Steady Regulars
CUST00141,45,Female,31185.66,2.81,Online,Fashion,129,1,355.97,355.97,1,1,At-Risk / Disengaged
CUST00142,27,Male,28532.64,0.43,In-Store,Home & Garden,12,16,518.72,32.42,1,2,Occasional Big Spenders
CUST00143,47,Female,132972.75,0.28,Online,Fashion,4,24,4543.05,189.29,0,0,VIP / Premium Loyalists
CUST00144,51,Male,117589.64,2.65,Online,Groceries,15,24,3536.79,147.37,1,0,VIP / Premium Loyalists
CUST00145,29,Female,42231.48,0.1,Mobile App,Sports,1,13,692.87,53.3,0,2,Occasional Big Spenders
CUST00146,37,Male,46177.81,2.31,Online,Home & Garden,15,15,591.17,39.41,1,2,Occasional Big Spenders
CUST00147,32,Female,80614.54,0.57,Online,Fashion,38,4,2885.87,721.47,0,3,Budget Shoppers
CUST00148,53,Male,88511.48,3.7,Mobile App,Electronics,53,7,2777.66,396.81,0,3,Budget Shoppers
CUST00149,31,Female,34377.3,2.59,In-Store,Groceries,14,34,644.81,18.96,0,2,Occasional Big Spenders
CUST00150,23,Male,45475.78,2.36,Online,Beauty,10,9,630.1,70.01,0,2,Occasional Big Spenders
CUST00151,57,Other,66200.72,0.52,In-Store,Beauty,107,5,308.14,61.63,1,1,At-Risk / Disengaged
CUST00152,31,Female,42860.59,3.55,Online,Electronics,20,22,535.84,24.36,1,2,Occasional Big Spenders
CUST00153,25,Male,31770.81,0.13,In-Store,Groceries,7,20,909.38,45.47,0,2,Occasional Big Spenders
CUST00154,36,Female,113830.42,2.16,Online,Groceries,9,27,4204.65,155.73,1,0,VIP / Premium Loyalists
CUST00155,22,Other,56424.61,3.81,Mobile App,Groceries,114,4,442.49,110.62,1,1,At-Risk / Disengaged
CUST00156,40,Male,28557.03,1.17,Mobile App,Groceries,20,19,645.63,33.98,1,2,Occasional Big Spenders
CUST00157,29,Male,115517.81,1.7,Mobile App,Beauty,65,6,1314.7,219.12,0,3,Budget Shoppers
CUST00158,28,Female,42524.56,5.25,Mobile App,Fashion,150,4,199.21,49.8,0,1,At-Risk / Disengaged
CUST00159,26,Male,32065.4,1.58,In-Store,Groceries,12,13,842.31,64.79,1,2,Occasional Big Spenders
CUST00160,35,Male,67667.92,9.67,Online,Fashion,64,6,3657.59,609.6,1,4,Steady Regulars
CUST00161,38,Male,116487.19,0.77,Online,Groceries,3,31,3828.31,123.49,0,0,VIP / Premium Loyalists
CUST00162,40,Male,87762.8,2.57,In-Store,Home & Garden,53,5,3344.27,668.85,0,3,Budget Shoppers
CUST00163,39,Male,129900.72,5.12,Mobile App,Sports,30,5,3159.74,631.95,1,3,Budget Shoppers
CUST00164,40,Male,108024.99,5.94,Online,Home & Garden,55,4,3383.96,845.99,1,3,Budget Shoppers
CUST00165,30,Female,50199.06,1.19,Mobile App,Sports,14,13,766.06,58.93,1,2,Occasional Big Spenders
CUST00166,34,Female,53794.05,0.13,Mobile App,Home & Garden,118,3,186.89,62.3,1,1,At-Risk / Disengaged
CUST00167,48,Male,113809.99,5.61,Mobile App,Groceries,11,21,4610.48,219.55,0,0,VIP / Premium Loyalists
CUST00168,26,Female,42109.3,0.18,Mobile App,Fashion,11,21,542.03,25.81,0,2,Occasional Big Spenders
CUST00169,29,Female,49705.47,0.54,Online,Sports,13,16,597.09,37.32,1,2,Occasional Big Spenders
CUST00170,35,Female,66085.21,0.12,Online,Beauty,57,8,2195.23,274.4,0,3,Budget Shoppers
CUST00171,47,Male,125791.04,0.16,Online,Electronics,43,6,2849.04,474.84,1,3,Budget Shoppers
CUST00172,33,Male,37780.24,2.65,Online,Sports,24,19,696.29,36.65,0,2,Occasional Big Spenders
CUST00173,40,Female,113018.83,3.72,In-Store,Sports,4,7,2342.15,334.59,0,3,Budget Shoppers
CUST00174,18,Female,42086.43,1.5,Mobile App,Beauty,17,29,433.04,14.93,1,2,Occasional Big Spenders
CUST00175,53,Female,108358.29,1.67,Mobile App,Groceries,46,3,2627.76,875.92,1,3,Budget Shoppers
CUST00176,23,Female,38393.87,1.06,In-Store,Home & Garden,16,25,691.67,27.67,0,2,Occasional Big Spenders
CUST00177,32,Male,98502.93,0.38,Online,Home & Garden,34,3,2371.76,790.59,1,3,Budget Shoppers
CUST00178,45,Female,105596.11,1.32,Online,Fashion,1,27,3207.95,118.81,0,0,VIP / Premium Loyalists
CUST00179,36,Male,28136.73,2.16,Online,Groceries,111,2,338.3,169.15,0,1,At-Risk / Disengaged
CUST00180,34,Male,38018.81,1.44,Online,Beauty,14,14,570.85,40.78,1,2,Occasional Big Spenders
CUST00181,42,Female,94079.48,15.0,In-Store,Groceries,12,24,5720.95,238.37,1,4,Steady Regulars
CUST00182,27,Male,31807.11,0.79,Online,Groceries,10,11,321.3,29.21,1,2,Occasional Big Spenders
CUST00183,38,Male,57630.88,0.89,Online,Home & Garden,73,4,242.03,60.51,0,1,At-Risk / Disengaged
CUST00184,37,Female,52173.01,1.45,Online,Beauty,102,2,341.14,170.57,0,1,At-Risk / Disengaged
CUST00185,18,Male,29246.77,0.13,In-Store,Electronics,13,13,580.31,44.64,1,2,Occasional Big Spenders
CUST00186,39,Other,104214.63,1.12,Online,Sports,42,8,3609.97,451.25,0,3,Budget Shoppers
CUST00187,34,Other,50282.74,3.86,Online,Home & Garden,141,3,414.38,138.13,0,1,At-Risk / Disengaged
CUST00188,41,Female,96050.32,1.66,Online,Beauty,34,3,2348.1,782.7,1,3,Budget Shoppers
CUST00189,33,Male,96671.21,2.64,Mobile App,Fashion,47,4,3686.0,921.5,1,3,Budget Shoppers
CUST00190,23,Male,38767.83,0.48,Online,Sports,22,27,488.18,18.08,0,2,Occasional Big Spenders
CUST00191,32,Male,29635.04,3.73,In-Store,Sports,26,17,643.3,37.84,0,2,Occasional Big Spenders
CUST00192,38,Male,22710.38,2.76,In-Store,Home & Garden,99,1,440.55,440.55,0,1,At-Risk / Disengaged
CUST00193,47,Male,66900.58,6.62,In-Store,Fashion,87,2,167.32,83.66,0,1,At-Risk / Disengaged
CUST00194,36,Other,77640.72,2.53,Mobile App,Home & Garden,39,6,2687.06,447.84,0,3,Budget Shoppers
CUST00195,41,Male,105815.56,1.81,Online,Groceries,1,19,4971.88,261.68,1,0,VIP / Premium Loyalists
CUST00196,58,Female,147827.76,0.11,Online,Beauty,6,24,3282.67,136.78,1,0,VIP / Premium Loyalists
CUST00197,43,Male,95115.6,0.44,Online,Fashion,38,6,2738.15,456.36,1,3,Budget Shoppers
CUST00198,31,Female,22943.28,6.58,In-Store,Sports,109,3,327.48,109.16,1,1,At-Risk / Disengaged
CUST00199,49,Female,55544.63,2.34,Online,Home & Garden,117,4,111.49,27.87,0,1,At-Risk / Disengaged
CUST00200,21,Male,52749.5,5.38,Online,Sports,85,5,330.05,66.01,1,1,At-Risk / Disengaged
CUST00201,22,Male,85231.87,0.79,In-Store,Fashion,33,5,2682.3,536.46,0,3,Budget Shoppers
CUST00202,25,Female,35488.92,0.22,In-Store,Sports,19,23,326.29,14.19,0,2,Occasional Big Spenders
CUST00203,37,Female,27644.92,1.45,Online,Home & Garden,1,17,765.14,45.01,1,2,Occasional Big Spenders
CUST00204,59,Female,43281.28,2.35,In-Store,Home & Garden,82,3,231.88,77.29,0,1,At-Risk / Disengaged
CUST00205,40,Male,103418.48,0.33,In-Store,Electronics,61,6,3015.64,502.61,0,3,Budget Shoppers
CUST00206,25,Male,29676.12,5.94,Online,Sports,22,17,424.11,24.95,1,2,Occasional Big Spenders
CUST00207,33,Female,34588.85,2.15,Online,Electronics,1,24,464.14,19.34,1,2,Occasional Big Spenders
CUST00208,32,Female,99328.48,5.02,In-Store,Electronics,9,11,2611.2,237.38,1,3,Budget Shoppers
CUST00209,27,Male,37284.43,0.34,In-Store,Sports,19,21,683.34,32.54,0,2,Occasional Big Spenders
CUST00210,27,Female,44326.45,1.07,Online,Fashion,13,17,750.53,44.15,1,2,Occasional Big Spenders
CUST00211,44,Male,98505.25,2.95,Online,Groceries,45,5,3586.88,717.38,1,3,Budget Shoppers
CUST00212,47,Male,87620.71,0.82,In-Store,Home & Garden,34,8,2427.91,303.49,0,3,Budget Shoppers
CUST00213,47,Male,104235.54,3.5,Mobile App,Beauty,56,7,2350.96,335.85,1,3,Budget Shoppers
CUST00214,29,Male,40576.82,1.43,In-Store,Electronics,24,21,667.45,31.78,0,2,Occasional Big Spenders
CUST00215,38,Female,79126.26,1.07,Online,Fashion,43,5,2327.38,465.48,1,3,Budget Shoppers
CUST00216,26,Male,35854.3,0.53,Online,Sports,14,18,691.29,38.4,0,2,Occasional Big Spenders
CUST00217,45,Male,93658.23,1.06,Mobile App,Fashion,11,30,2913.95,97.13,0,0,VIP / Premium Loyalists
CUST00218,31,Female,110712.55,5.91,Online,Fashion,36,6,3290.52,548.42,0,3,Budget Shoppers
CUST00219,36,Female,58930.48,1.11,Mobile App,Sports,55,4,2841.95,710.49,1,3,Budget Shoppers
CUST00220,38,Female,37179.91,1.79,Mobile App,Beauty,130,3,420.45,140.15,0,1,At-Risk / Disengaged
CUST00221,54,Female,117301.03,4.32,Online,Sports,48,5,3364.99,673.0,0,3,Budget Shoppers
CUST00222,29,Male,99258.47,3.73,Mobile App,Beauty,66,4,2845.69,711.42,1,3,Budget Shoppers
CUST00223,27,Female,20847.39,2.07,Online,Sports,9,16,521.39,32.59,0,2,Occasional Big Spenders
CUST00224,46,Female,97476.2,0.26,Mobile App,Electronics,8,30,3373.7,112.46,0,0,VIP / Premium Loyalists
CUST00225,31,Female,28062.96,2.77,Online,Beauty,10,16,398.12,24.88,1,2,Occasional Big Spenders
CUST00226,23,Male,43219.37,3.61,Online,Electronics,10,17,741.75,43.63,0,2,Occasional Big Spenders
CUST00227,40,Male,48451.67,3.0,In-Store,Beauty,128,2,50.0,25.0,0,1,At-Risk / Disengaged
CUST00228,44,Female,120444.87,5.73,In-Store,Beauty,5,25,4254.7,170.19,0,0,VIP / Premium Loyalists
CUST00229,36,Female,52959.74,0.15,Online,Sports,101,3,373.89,124.63,1,1,At-Risk / Disengaged
CUST00230,49,Female,102342.65,1.53,In-Store,Beauty,43,1,2811.82,2811.82,1,3,Budget Shoppers
CUST00231,28,Female,31689.31,5.18,Online,Electronics,105,3,245.61,81.87,1,1,At-Risk / Disengaged
CUST00232,51,Female,87860.08,5.3,Online,Sports,52,5,4272.66,854.53,0,3,Budget Shoppers
CUST00233,44,Female,75706.57,3.35,Online,Home & Garden,22,8,3063.49,382.94,0,3,Budget Shoppers
CUST00234,38,Female,131503.52,0.89,Online,Electronics,3,33,3590.87,108.81,0,0,VIP / Premium Loyalists
CUST00235,25,Male,39825.5,0.47,Online,Home & Garden,11,17,606.14,35.66,0,2,Occasional Big Spenders
CUST00236,29,Female,67544.26,1.3,Online,Fashion,28,6,952.83,158.8,0,2,Occasional Big Spenders
CUST00237,39,Female,41276.83,1.7,Online,Sports,15,17,603.37,35.49,1,2,Occasional Big Spenders
CUST00238,30,Male,43428.9,5.6,Online,Fashion,9,19,832.14,43.8,1,2,Occasional Big Spenders
CUST00239,44,Male,105652.65,1.07,Online,Sports,40,5,2871.3,574.26,0,3,Budget Shoppers
CUST00240,35,Male,42909.35,0.92,Mobile App,Sports,4,21,701.54,33.41,1,2,Occasional Big Spenders
CUST00241,18,Female,37572.54,0.18,Online,Electronics,117,1,278.9,278.9,0,1,At-Risk / Disengaged
CUST00242,55,Male,58056.36,0.77,Mobile App,Home & Garden,122,3,222.0,74.0,0,1,At-Risk / Disengaged
CUST00243,30,Female,45234.27,5.0,In-Store,Sports,158,4,166.63,41.66,0,1,At-Risk / Disengaged
CUST00244,47,Male,84037.46,1.69,In-Store,Home & Garden,14,17,4878.85,286.99,1,0,VIP / Premium Loyalists
CUST00245,26,Male,38730.87,0.24,In-Store,Sports,23,18,552.02,30.67,0,2,Occasional Big Spenders
CUST00246,37,Female,33663.8,0.83,Mobile App,Home & Garden,115,3,370.15,123.38,0,1,At-Risk / Disengaged
CUST00247,61,Male,110136.0,3.16,Online,Fashion,7,22,4055.69,184.35,1,0,VIP / Premium Loyalists
CUST00248,51,Female,41544.5,0.7,In-Store,Electronics,118,3,152.14,50.71,1,1,At-Risk / Disengaged
CUST00249,30,Female,58828.3,0.23,In-Store,Sports,72,4,542.92,135.73,1,1,At-Risk / Disengaged
CUST00250,19,Female,52441.17,7.15,In-Store,Groceries,121,4,230.26,57.56,0,1,At-Risk / Disengaged
CUST00251,29,Male,35153.18,0.43,Mobile App,Home & Garden,10,20,870.65,43.53,0,2,Occasional Big Spenders
CUST00252,43,Female,137849.44,5.91,Online,Home & Garden,13,25,3237.49,129.5,1,0,VIP / Premium Loyalists
CUST00253,31,Female,49989.37,3.92,In-Store,Groceries,82,4,405.88,101.47,1,1,At-Risk / Disengaged
CUST00254,41,Female,106923.48,4.34,In-Store,Electronics,5,24,3810.74,158.78,0,0,VIP / Premium Loyalists
CUST00255,25,Female,29819.67,0.75,Online,Home & Garden,21,17,502.59,29.56,0,2,Occasional Big Spenders
CUST00256,50,Female,99455.21,1.1,Online,Electronics,47,6,3211.41,535.24,1,3,Budget Shoppers
CUST00257,27,Female,61859.38,0.64,In-Store,Home & Garden,61,4,154.66,38.66,0,1,At-Risk / Disengaged
CUST00258,45,Female,67527.12,0.83,Mobile App,Beauty,45,6,2667.41,444.57,0,3,Budget Shoppers
CUST00259,39,Male,105519.43,0.83,Online,Home & Garden,75,3,3932.05,1310.68,1,3,Budget Shoppers
CUST00260,28,Male,41234.19,0.97,Mobile App,Beauty,13,25,539.19,21.57,0,2,Occasional Big Spenders
CUST00261,25,Male,94782.4,0.58,Online,Sports,26,7,3420.82,488.69,0,3,Budget Shoppers
CUST00262,30,Male,50167.12,5.42,Online,Electronics,141,5,255.74,51.15,0,1,At-Risk / Disengaged
CUST00263,33,Male,26431.57,0.83,Online,Home & Garden,20,24,333.21,13.88,1,2,Occasional Big Spenders
CUST00264,41,Male,107424.26,0.91,Online,Fashion,7,5,2083.76,416.75,0,3,Budget Shoppers
CUST00265,43,Female,32768.09,1.18,Online,Fashion,140,4,92.9,23.22,0,1,At-Risk / Disengaged
CUST00266,32,Male,110544.74,5.81,Online,Groceries,54,5,2005.18,401.04,0,3,Budget Shoppers
CUST00267,33,Female,120602.66,3.09,In-Store,Fashion,71,8,2859.72,357.46,1,3,Budget Shoppers
CUST00268,31,Male,103645.48,0.11,In-Store,Beauty,36,7,2873.72,410.53,0,3,Budget Shoppers
CUST00269,50,Male,79938.39,2.88,Online,Fashion,12,18,3892.82,216.27,0,0,VIP / Premium Loyalists
CUST00270,28,Male,16526.53,0.93,Online,Fashion,16,23,749.33,32.58,0,2,Occasional Big Spenders
CUST00271,38,Male,57466.15,0.65,Online,Fashion,140,4,400.67,100.17,1,1,At-Risk / Disengaged
CUST00272,28,Female,30513.25,2.48,In-Store,Home & Garden,83,5,412.51,82.5,0,1,At-Risk / Disengaged
CUST00273,35,Female,60031.12,1.46,Online,Groceries,87,2,383.46,191.73,0,1,At-Risk / Disengaged
CUST00274,45,Male,49095.67,5.1,Online,Electronics,134,4,179.83,44.96,0,1,At-Risk / Disengaged
CUST00275,43,Male,95895.93,0.49,Mobile App,Groceries,45,5,3289.18,657.84,1,3,Budget Shoppers
CUST00276,42,Female,99385.47,5.01,Mobile App,Beauty,66,4,2604.09,651.02,0,3,Budget Shoppers
CUST00277,29,Female,37058.36,0.86,Online,Home & Garden,141,2,427.19,213.6,1,1,At-Risk / Disengaged
CUST00278,44,Female,115008.42,0.85,Online,Sports,74,6,2352.16,392.03,1,3,Budget Shoppers
CUST00279,29,Female,70651.93,0.18,Online,Home & Garden,22,8,2359.52,294.94,1,3,Budget Shoppers
CUST00280,53,Female,39445.18,1.21,In-Store,Fashion,148,6,221.11,36.85,0,1,At-Risk / Disengaged
CUST00281,33,Female,41775.69,0.67,In-Store,Fashion,125,4,434.09,108.52,1,1,At-Risk / Disengaged
CUST00282,57,Male,140406.78,1.29,Online,Beauty,6,22,3777.57,171.71,0,0,VIP / Premium Loyalists
CUST00283,48,Male,109026.95,5.36,In-Store,Sports,8,19,4015.68,211.35,1,0,VIP / Premium Loyalists
CUST00284,22,Female,29857.94,0.46,Online,Home & Garden,29,12,350.81,29.23,1,2,Occasional Big Spenders
CUST00285,37,Female,68906.39,2.31,Online,Sports,31,4,2945.09,736.27,0,3,Budget Shoppers
CUST00286,27,Female,34332.93,1.47,Online,Electronics,16,19,478.09,25.16,0,2,Occasional Big Spenders
CUST00287,35,Female,126594.65,1.5,Online,Groceries,11,17,4855.02,285.59,1,0,VIP / Premium Loyalists
CUST00288,52,Male,106800.83,2.21,Online,Home & Garden,22,6,2993.76,498.96,1,3,Budget Shoppers
CUST00289,32,Female,44356.72,0.9,Online,Sports,13,18,370.33,20.57,0,2,Occasional Big Spenders
CUST00290,43,Female,93024.15,2.79,Online,Electronics,52,5,3094.32,618.86,1,3,Budget Shoppers
CUST00291,27,Male,33605.17,0.45,Online,Electronics,17,16,580.28,36.27,1,2,Occasional Big Spenders
CUST00292,31,Female,48419.7,1.43,In-Store,Groceries,11,18,586.99,32.61,1,2,Occasional Big Spenders
CUST00293,19,Female,60345.62,4.03,Online,Electronics,105,3,335.31,111.77,0,1,At-Risk / Disengaged
CUST00294,43,Male,96027.9,3.73,Online,Beauty,5,34,3959.36,116.45,1,0,VIP / Premium Loyalists
CUST00295,24,Male,36915.24,0.34,In-Store,Electronics,19,20,611.39,30.57,0,2,Occasional Big Spenders
CUST00296,45,Male,120506.37,0.18,In-Store,Sports,55,6,3998.36,666.39,0,3,Budget Shoppers
CUST00297,43,Female,46860.29,6.77,Mobile App,Beauty,152,7,205.68,29.38,0,1,At-Risk / Disengaged
CUST00298,20,Male,43855.72,0.43,Online,Electronics,20,29,487.41,16.81,0,2,Occasional Big Spenders
CUST00299,33,Female,125948.8,1.47,Online,Fashion,75,4,2415.31,603.83,0,3,Budget Shoppers
CUST00300,31,Female,29476.91,0.17,In-Store,Electronics,15,22,597.52,27.16,0,2,Occasional Big Spenders
CUST00301,25,Male,46549.06,0.11,In-Store,Beauty,5,22,558.16,25.37,0,2,Occasional Big Spenders
CUST00302,35,Female,104768.68,2.89,Online,Electronics,29,6,2915.44,485.91,0,3,Budget Shoppers
CUST00303,35,Other,83979.74,1.1,Mobile App,Electronics,29,4,4864.37,1216.09,0,3,Budget Shoppers
CUST00304,49,Male,113881.46,6.13,Online,Electronics,38,5,3503.87,700.77,1,3,Budget Shoppers
CUST00305,37,Male,100901.83,2.02,Mobile App,Beauty,46,2,2639.14,1319.57,1,3,Budget Shoppers
CUST00306,25,Female,28989.89,5.46,Mobile App,Electronics,120,4,401.64,100.41,0,1,At-Risk / Disengaged
CUST00307,42,Female,105923.31,0.49,In-Store,Groceries,76,4,3131.54,782.88,0,3,Budget Shoppers
CUST00308,38,Male,89259.65,0.7,Mobile App,Sports,11,25,5595.71,223.83,0,0,VIP / Premium Loyalists
CUST00309,26,Male,31122.43,0.84,In-Store,Groceries,113,3,591.21,197.07,0,1,At-Risk / Disengaged
CUST00310,29,Male,33831.31,4.82,Online,Beauty,10,14,495.23,35.37,1,2,Occasional Big Spenders
CUST00311,53,Other,151768.86,4.84,Online,Fashion,2,13,5696.77,438.21,1,0,VIP / Premium Loyalists
CUST00312,29,Male,35003.56,1.5,Online,Groceries,5,23,563.82,24.51,1,2,Occasional Big Spenders
CUST00313,22,Female,35685.5,1.77,Online,Sports,8,19,465.7,24.51,0,2,Occasional Big Spenders
CUST00314,30,Female,42907.23,2.13,In-Store,Home & Garden,81,3,321.21,107.07,0,1,At-Risk / Disengaged
CUST00315,31,Male,49246.93,0.88,Online,Sports,199,1,475.7,475.7,1,1,At-Risk / Disengaged
CUST00316,47,Female,117400.97,1.66,Online,Groceries,47,7,3036.84,433.83,1,3,Budget Shoppers
CUST00317,54,Male,97486.45,1.96,In-Store,Home & Garden,3,23,3559.97,154.78,0,0,VIP / Premium Loyalists
CUST00318,27,Female,32794.38,0.1,Mobile App,Beauty,23,20,606.64,30.33,0,2,Occasional Big Spenders
CUST00319,24,Male,36690.27,0.37,Online,Sports,25,16,318.52,19.91,1,2,Occasional Big Spenders
CUST00320,30,Female,24965.61,0.94,Online,Fashion,3,17,507.36,29.84,0,2,Occasional Big Spenders
CUST00321,46,Female,117947.75,4.08,Online,Home & Garden,55,4,2658.96,664.74,0,3,Budget Shoppers
CUST00322,38,Male,99833.61,3.48,In-Store,Home & Garden,68,9,3090.25,343.36,0,3,Budget Shoppers
CUST00323,39,Male,120388.26,0.47,Online,Sports,51,4,3782.36,945.59,0,3,Budget Shoppers
CUST00324,30,Male,36206.96,2.13,In-Store,Groceries,14,20,632.7,31.64,0,2,Occasional Big Spenders
CUST00325,55,Male,66073.15,1.93,Online,Home & Garden,126,4,176.1,44.02,0,1,At-Risk / Disengaged
CUST00326,42,Female,77219.05,0.69,Online,Beauty,59,5,2094.36,418.87,0,3,Budget Shoppers
CUST00327,35,Female,69699.79,4.31,Mobile App,Sports,45,8,2164.57,270.57,0,3,Budget Shoppers
CUST00328,52,Male,114950.08,0.77,Online,Beauty,54,8,2031.01,253.88,0,3,Budget Shoppers
CUST00329,46,Female,121065.02,0.99,Online,Sports,3,19,4677.78,246.2,1,0,VIP / Premium Loyalists
CUST00330,22,Female,22792.56,2.26,Online,Beauty,20,23,680.58,29.59,0,2,Occasional Big Spenders
CUST00331,39,Female,121640.53,0.13,Online,Groceries,9,21,3393.16,161.58,0,0,VIP / Premium Loyalists
CUST00332,18,Male,45010.44,3.3,In-Store,Sports,135,2,308.03,154.01,1,1,At-Risk / Disengaged
CUST00333,30,Male,32583.64,0.43,Online,Fashion,12,22,650.26,29.56,0,2,Occasional Big Spenders
CUST00334,29,Male,29341.65,2.46,Online,Groceries,16,24,478.31,19.93,1,2,Occasional Big Spenders
CUST00335,22,Female,33047.36,0.56,Online,Beauty,15,17,650.08,38.24,0,2,Occasional Big Spenders
CUST00336,34,Male,25389.57,0.1,In-Store,Sports,21,25,694.46,27.78,0,2,Occasional Big Spenders
CUST00337,40,Male,66364.71,2.61,In-Store,Groceries,180,5,329.92,65.98,0,1,At-Risk / Disengaged
CUST00338,47,Male,126837.89,2.27,In-Store,Beauty,38,3,2412.77,804.26,0,3,Budget Shoppers
CUST00339,48,Female,67999.47,2.43,In-Store,Electronics,11,29,3726.12,128.49,1,0,VIP / Premium Loyalists
CUST00340,28,Male,44516.12,0.27,Online,Electronics,24,21,575.94,27.43,1,2,Occasional Big Spenders
CUST00341,61,Male,110073.91,4.04,Online,Home & Garden,12,32,3606.01,112.69,1,0,VIP / Premium Loyalists
CUST00342,41,Male,85880.0,4.41,Online,Fashion,9,22,5655.96,257.09,0,0,VIP / Premium Loyalists
CUST00343,25,Male,37738.7,4.86,Online,Electronics,27,22,662.23,30.1,0,2,Occasional Big Spenders
CUST00344,49,Female,90394.78,3.4,Online,Beauty,20,17,3949.97,232.35,0,0,VIP / Premium Loyalists
CUST00345,48,Male,105910.58,0.13,In-Store,Groceries,15,33,3827.36,115.98,1,0,VIP / Premium Loyalists
CUST00346,37,Male,80466.16,5.36,In-Store,Sports,43,8,2982.89,372.86,1,3,Budget Shoppers
CUST00347,28,Female,106208.8,14.73,Mobile App,Groceries,54,4,3426.75,856.69,1,4,Steady Regulars
CUST00348,24,Male,37309.23,0.1,Online,Home & Garden,16,24,581.98,24.25,0,2,Occasional Big Spenders
CUST00349,41,Male,106070.67,1.25,In-Store,Groceries,7,20,4058.58,202.93,1,0,VIP / Premium Loyalists
CUST00350,24,Female,64360.16,0.89,Mobile App,Electronics,38,5,3536.33,707.27,1,3,Budget Shoppers
CUST00351,34,Male,88665.42,0.59,In-Store,Groceries,33,3,2480.72,826.91,0,3,Budget Shoppers
CUST00352,37,Male,44308.93,0.5,Online,Electronics,130,4,254.37,63.59,0,1,At-Risk / Disengaged
CUST00353,38,Male,79728.28,2.17,Online,Electronics,54,2,2548.26,1274.13,0,3,Budget Shoppers
CUST00354,29,Female,25674.63,1.0,Online,Fashion,15,11,717.2,65.2,1,2,Occasional Big Spenders
CUST00355,27,Female,28335.55,0.92,Online,Home & Garden,22,15,582.49,38.83,0,2,Occasional Big Spenders
CUST00356,32,Female,104753.16,4.95,In-Store,Beauty,70,8,3277.18,409.65,1,3,Budget Shoppers
CUST00357,29,Female,19578.62,2.03,Online,Electronics,13,22,592.67,26.94,0,2,Occasional Big Spenders
CUST00358,25,Male,35154.4,4.91,Online,Sports,23,5,3525.08,705.02,1,3,Budget Shoppers
CUST00359,18,Male,36133.01,9.08,In-Store,Home & Garden,167,3,270.79,90.26,1,1,At-Risk / Disengaged
CUST00360,35,Female,99715.11,2.59,In-Store,Beauty,26,5,4679.27,935.85,1,3,Budget Shoppers
CUST00361,47,Female,79667.15,0.82,Online,Sports,14,17,4373.42,257.26,0,0,VIP / Premium Loyalists
CUST00362,28,Male,78644.29,0.84,In-Store,Groceries,34,7,2498.73,356.96,0,3,Budget Shoppers
CUST00363,36,Female,114410.83,3.25,Online,Home & Garden,13,21,3625.66,172.65,0,0,VIP / Premium Loyalists
CUST00364,36,Male,102228.09,0.62,Online,Sports,52,7,2115.51,302.22,1,3,Budget Shoppers
CUST00365,40,Male,45382.87,4.16,Online,Home & Garden,95,2,364.18,182.09,0,1,At-Risk / Disengaged
CUST00366,55,Male,107163.97,2.66,In-Store,Home & Garden,3,20,3990.64,199.53,0,0,VIP / Premium Loyalists
CUST00367,24,Male,39983.31,4.29,Mobile App,Groceries,129,3,50.0,16.67,0,1,At-Risk / Disengaged
CUST00368,18,Female,49328.85,15.0,Online,Groceries,84,6,131.88,21.98,0,4,Steady Regulars
CUST00369,24,Female,46106.7,1.43,In-Store,Home & Garden,12,20,621.19,31.06,1,2,Occasional Big Spenders
CUST00370,18,Male,35170.24,0.1,Online,Sports,22,15,600.28,40.02,0,2,Occasional Big Spenders
CUST00371,18,Male,48797.57,0.41,In-Store,Fashion,13,19,593.17,31.22,1,2,Occasional Big Spenders
CUST00372,25,Female,36993.43,0.72,Online,Electronics,8,14,518.06,37.0,1,2,Occasional Big Spenders
CUST00373,25,Male,45057.19,1.7,Online,Groceries,11,20,490.36,24.52,0,2,Occasional Big Spenders
CUST00374,45,Female,108371.47,0.1,Mobile App,Fashion,47,5,2683.64,536.73,0,3,Budget Shoppers
CUST00375,27,Male,45366.97,4.89,In-Store,Groceries,9,22,570.8,25.95,1,2,Occasional Big Spenders
CUST00376,44,Female,120108.09,4.54,Online,Home & Garden,9,28,3030.22,108.22,0,0,VIP / Premium Loyalists
CUST00377,45,Male,43166.91,13.85,Online,Fashion,93,4,405.13,101.28,0,4,Steady Regulars
CUST00378,34,Male,26293.44,0.45,Online,Sports,5,17,480.1,28.24,0,2,Occasional Big Spenders
CUST00379,47,Male,43002.57,0.49,Online,Sports,139,3,338.89,112.96,0,1,At-Risk / Disengaged
CUST00380,21,Male,34558.41,0.96,Mobile App,Beauty,19,10,601.48,60.15,1,2,Occasional Big Spenders
CUST00381,33,Male,41219.26,0.77,Mobile App,Electronics,19,26,457.66,17.6,0,2,Occasional Big Spenders
CUST00382,54,Female,90137.12,0.53,Online,Electronics,54,4,3446.78,861.7,0,3,Budget Shoppers
CUST00383,33,Male,75981.96,1.9,Online,Groceries,63,5,3046.75,609.35,1,3,Budget Shoppers
CUST00384,28,Male,49060.03,1.71,Mobile App,Electronics,64,4,105.02,26.26,1,1,At-Risk / Disengaged
CUST00385,46,Female,96903.57,4.3,Online,Beauty,64,4,3180.44,795.11,1,3,Budget Shoppers
CUST00386,37,Female,78641.28,1.19,In-Store,Sports,144,3,403.12,134.37,1,1,At-Risk / Disengaged
CUST00387,26,Other,35746.98,0.1,Online,Fashion,6,30,827.46,27.58,0,2,Occasional Big Spenders
CUST00388,30,Female,38386.74,4.18,In-Store,Fashion,32,9,687.34,76.37,1,2,Occasional Big Spenders
CUST00389,18,Female,37094.22,0.87,In-Store,Sports,108,6,366.79,61.13,0,1,At-Risk / Disengaged
CUST00390,19,Female,22016.82,1.95,Mobile App,Home & Garden,151,4,352.01,88.0,0,1,At-Risk / Disengaged
CUST00391,20,Female,29043.23,5.51,In-Store,Sports,102,5,117.68,23.54,1,1,At-Risk / Disengaged
CUST00392,22,Female,98888.61,1.94,Online,Fashion,3,27,4569.33,169.23,1,0,VIP / Premium Loyalists
CUST00393,30,Male,102229.58,2.58,In-Store,Groceries,9,27,3792.15,140.45,1,0,VIP / Premium Loyalists
CUST00394,35,Male,32790.17,2.48,Mobile App,Beauty,111,3,306.4,102.13,0,1,At-Risk / Disengaged
CUST00395,42,Male,113409.28,4.34,Online,Sports,4,23,4688.17,203.83,0,0,VIP / Premium Loyalists
CUST00396,37,Female,46753.22,5.38,Online,Home & Garden,101,1,437.26,437.26,1,1,At-Risk / Disengaged
CUST00397,40,Female,67958.7,1.6,Online,Groceries,79,2,265.37,132.68,0,1,At-Risk / Disengaged
CUST00398,39,Female,133146.93,0.8,Online,Sports,13,23,3656.49,158.98,1,0,VIP / Premium Loyalists
CUST00399,39,Male,45007.09,2.09,Online,Groceries,117,2,118.26,59.13,0,1,At-Risk / Disengaged
CUST00400,39,Female,55303.22,1.55,In-Store,Sports,112,5,471.53,94.31,1,1,At-Risk / Disengaged
CUST00401,28,Female,48054.86,0.24,Online,Groceries,9,27,716.27,26.53,0,2,Occasional Big Spenders
CUST00402,42,Male,52278.16,1.43,Mobile App,Electronics,158,3,439.75,146.58,1,1,At-Risk / Disengaged
CUST00403,36,Female,100579.98,2.13,Online,Groceries,44,8,1434.23,179.28,0,3,Budget Shoppers
CUST00404,37,Male,46615.15,1.27,Online,Electronics,117,5,216.94,43.39,0,1,At-Risk / Disengaged
CUST00405,53,Female,121670.89,15.0,Online,Fashion,7,27,3634.49,134.61,0,4,Steady Regulars
CUST00406,45,Female,51101.52,0.38,Online,Electronics,110,5,430.53,86.11,0,1,At-Risk / Disengaged
CUST00407,35,Female,121447.81,0.75,Online,Groceries,10,13,3270.57,251.58,1,0,VIP / Premium Loyalists
CUST00408,26,Female,46968.82,0.1,Online,Beauty,11,14,566.29,40.45,0,2,Occasional Big Spenders
CUST00409,48,Female,74831.11,7.83,Online,Beauty,105,2,358.94,179.47,1,1,At-Risk / Disengaged
CUST00410,25,Female,30248.77,0.75,In-Store,Fashion,14,18,522.0,29.0,0,2,Occasional Big Spenders
CUST00411,46,Male,101770.14,14.57,In-Store,Groceries,8,24,2815.04,117.29,0,4,Steady Regulars
CUST00412,53,Female,23992.6,7.04,Online,Electronics,130,1,412.13,412.13,0,1,At-Risk / Disengaged
CUST00413,45,Male,18091.59,0.76,In-Store,Beauty,117,2,351.87,175.94,1,1,At-Risk / Disengaged
CUST00414,42,Male,106441.91,5.11,In-Store,Sports,37,2,2372.98,1186.49,1,3,Budget Shoppers
CUST00415,18,Female,88253.2,2.12,Online,Home & Garden,29,3,1933.8,644.6,0,3,Budget Shoppers
CUST00416,46,Female,122168.84,1.25,Mobile App,Groceries,11,23,4064.27,176.71,1,0,VIP / Premium Loyalists
CUST00417,21,Male,20985.37,1.79,Mobile App,Sports,12,19,585.51,30.82,0,2,Occasional Big Spenders
CUST00418,42,Male,120503.81,9.04,Online,Sports,3,27,3939.53,145.91,1,4,Steady Regulars
CUST00419,29,Male,81456.17,2.8,Online,Groceries,23,5,3482.72,696.54,1,3,Budget Shoppers
CUST00420,41,Male,44367.59,1.34,Online,Home & Garden,155,4,216.5,54.12,1,1,At-Risk / Disengaged
CUST00421,21,Male,63405.47,1.89,Online,Beauty,147,6,250.84,41.81,0,1,At-Risk / Disengaged
CUST00422,44,Female,30287.81,2.49,In-Store,Home & Garden,173,1,205.86,205.86,1,1,At-Risk / Disengaged
CUST00423,25,Male,38498.51,2.27,Online,Fashion,16,20,633.34,31.67,1,2,Occasional Big Spenders
CUST00424,55,Male,123268.95,0.43,In-Store,Electronics,5,28,3883.1,138.68,0,0,VIP / Premium Loyalists
CUST00425,32,Male,38609.8,1.72,In-Store,Electronics,24,12,850.08,70.84,0,2,Occasional Big Spenders
CUST00426,52,Other,64031.98,0.64,In-Store,Sports,72,8,2263.9,282.99,0,3,Budget Shoppers
CUST00427,37,Male,125149.9,7.57,In-Store,Beauty,13,28,4427.0,158.11,1,0,VIP / Premium Loyalists
CUST00428,23,Male,45707.47,1.88,Online,Home & Garden,57,3,364.02,121.34,1,1,At-Risk / Disengaged
CUST00429,36,Male,148228.38,13.44,Online,Sports,3,25,5005.96,200.24,1,4,Steady Regulars
CUST00430,21,Female,47977.54,0.14,In-Store,Groceries,31,14,600.08,42.86,1,2,Occasional Big Spenders
CUST00431,19,Female,43469.83,0.52,Online,Sports,14,22,666.2,30.28,0,2,Occasional Big Spenders
CUST00432,26,Male,78523.39,3.38,Online,Groceries,127,3,318.29,106.1,0,1,At-Risk / Disengaged
CUST00433,41,Male,97665.61,2.25,Mobile App,Groceries,32,5,3630.71,726.14,1,3,Budget Shoppers
CUST00434,34,Male,44320.26,0.22,In-Store,Fashion,5,8,706.31,88.29,0,2,Occasional Big Spenders
CUST00435,28,Female,40171.92,0.19,Online,Fashion,13,14,732.21,52.3,0,2,Occasional Big Spenders
CUST00436,44,Female,71644.83,4.76,In-Store,Groceries,34,6,2589.68,431.61,0,3,Budget Shoppers
CUST00437,27,Male,39432.46,1.4,In-Store,Beauty,8,18,277.14,15.4,0,2,Occasional Big Spenders
CUST00438,46,Male,29166.38,0.3,Online,Fashion,102,3,225.71,75.24,0,1,At-Risk / Disengaged
CUST00439,51,Male,50219.44,1.29,Online,Fashion,64,7,1955.08,279.3,0,3,Budget Shoppers
CUST00440,22,Male,44647.65,1.5,Mobile App,Electronics,24,14,540.14,38.58,0,2,Occasional Big Spenders
CUST00441,28,Female,26793.98,1.04,Online,Sports,24,23,679.8,29.56,0,2,Occasional Big Spenders
CUST00442,39,Male,61175.46,2.88,Online,Electronics,163,2,91.43,45.72,1,1,At-Risk / Disengaged
CUST00443,42,Male,118328.92,0.36,Online,Beauty,8,18,5097.49,283.19,1,0,VIP / Premium Loyalists
CUST00444,64,Male,133609.82,6.86,In-Store,Fashion,17,28,3183.67,113.7,1,0,VIP / Premium Loyalists
CUST00445,35,Female,41160.93,6.85,Online,Fashion,87,4,409.65,102.41,0,1,At-Risk / Disengaged
CUST00446,18,Female,55176.13,3.07,Online,Home & Garden,159,2,463.94,231.97,1,1,At-Risk / Disengaged
CUST00447,19,Male,47765.46,0.1,Online,Beauty,135,6,384.73,64.12,0,1,At-Risk / Disengaged
CUST00448,32,Male,44387.3,1.21,Mobile App,Sports,115,4,421.25,105.31,1,1,At-Risk / Disengaged
CUST00449,37,Male,142569.37,1.16,Online,Sports,7,34,4743.15,139.5,1,0,VIP / Premium Loyalists
CUST00450,26,Female,36744.2,0.1,In-Store,Sports,7,18,650.74,36.15,1,2,Occasional Big Spenders
CUST00451,36,Male,18068.99,0.37,Mobile App,Beauty,134,2,161.6,80.8,0,1,At-Risk / Disengaged
CUST00452,23,Female,91160.06,1.46,Online,Home & Garden,59,9,2017.55,224.17,0,3,Budget Shoppers
CUST00453,41,Female,113555.0,3.68,Mobile App,Home & Garden,10,25,4138.05,165.52,0,0,VIP / Premium Loyalists
CUST00454,21,Female,23048.93,1.49,Mobile App,Electronics,165,2,256.61,128.3,0,1,At-Risk / Disengaged
CUST00455,30,Male,29173.82,0.64,Mobile App,Beauty,32,24,631.89,26.33,0,2,Occasional Big Spenders
CUST00456,53,Female,113697.36,9.54,Online,Beauty,14,25,3566.63,142.67,0,4,Steady Regulars
CUST00457,19,Female,28577.4,0.13,In-Store,Home & Garden,14,18,895.88,49.77,0,2,Occasional Big Spenders
CUST00458,34,Male,134049.55,3.98,In-Store,Groceries,9,24,3534.98,147.29,1,0,VIP / Premium Loyalists
CUST00459,29,Male,39558.08,1.3,Mobile App,Groceries,17,18,665.4,36.97,0,2,Occasional Big Spenders
CUST00460,18,Male,36494.1,4.51,Online,Electronics,19,25,587.49,23.5,1,2,Occasional Big Spenders
CUST00461,24,Male,31775.39,1.37,In-Store,Groceries,31,14,517.48,36.96,0,2,Occasional Big Spenders
CUST00462,37,Male,90781.97,0.12,Online,Groceries,57,5,1785.41,357.08,0,3,Budget Shoppers
CUST00463,42,Female,102527.7,4.37,Online,Groceries,18,8,2976.8,372.1,1,3,Budget Shoppers
CUST00464,50,Male,117340.65,7.92,Online,Fashion,54,3,4022.72,1340.91,0,3,Budget Shoppers
CUST00465,62,Female,63335.56,0.18,In-Store,Electronics,137,1,145.4,145.4,1,1,At-Risk / Disengaged
CUST00466,47,Male,138008.0,4.39,Online,Home & Garden,10,15,4305.82,287.05,1,0,VIP / Premium Loyalists
CUST00467,26,Other,28560.27,0.1,In-Store,Groceries,12,16,528.35,33.02,0,2,Occasional Big Spenders
CUST00468,20,Male,54292.92,5.48,Mobile App,Sports,45,1,259.36,259.36,0,1,At-Risk / Disengaged
CUST00469,27,Female,25626.77,4.82,Online,Fashion,29,27,623.5,23.09,0,2,Occasional Big Spenders
CUST00470,47,Male,81555.1,0.24,In-Store,Groceries,138,2,398.52,199.26,0,1,At-Risk / Disengaged
CUST00471,27,Male,34352.97,6.84,Online,Fashion,15,13,492.45,37.88,1,2,Occasional Big Spenders
CUST00472,20,Female,54787.4,2.43,Online,Electronics,124,2,178.53,89.26,1,1,At-Risk / Disengaged
CUST00473,33,Male,46090.8,0.61,In-Store,Sports,13,5,545.8,109.16,0,2,Occasional Big Spenders
CUST00474,34,Female,51655.84,1.5,Mobile App,Sports,135,2,436.12,218.06,0,1,At-Risk / Disengaged
CUST00475,35,Female,91157.78,1.61,In-Store,Sports,52,5,3158.05,631.61,1,3,Budget Shoppers
CUST00476,58,Female,36537.63,5.33,In-Store,Groceries,81,4,258.2,64.55,0,1,At-Risk / Disengaged
CUST00477,24,Female,24020.28,0.61,Online,Fashion,18,18,675.04,37.5,0,2,Occasional Big Spenders
CUST00478,33,Female,85027.0,4.08,Online,Sports,69,8,2998.06,374.76,0,3,Budget Shoppers
CUST00479,25,Male,56365.91,15.0,In-Store,Beauty,158,1,360.33,360.33,0,4,Steady Regulars
CUST00480,18,Female,102172.08,0.43,Online,Beauty,33,4,2601.42,650.36,1,3,Budget Shoppers
CUST00481,33,Female,73870.16,2.25,Online,Fashion,42,10,1517.82,151.78,0,2,Occasional Big Spenders
CUST00482,29,Male,73754.9,2.11,In-Store,Groceries,49,11,1849.25,168.11,0,2,Occasional Big Spenders
CUST00483,50,Male,93751.95,1.21,Online,Groceries,8,23,4464.68,194.12,1,0,VIP / Premium Loyalists
CUST00484,51,Female,106067.15,2.35,Online,Electronics,72,7,3379.65,482.81,1,3,Budget Shoppers
CUST00485,28,Male,94355.14,0.85,In-Store,Electronics,37,3,3042.7,1014.23,1,3,Budget Shoppers
CUST00486,65,Male,49973.95,0.1,In-Store,Sports,113,4,191.02,47.76,0,1,At-Risk / Disengaged
CUST00487,30,Male,35984.63,1.2,Mobile App,Home & Garden,14,12,634.92,52.91,0,2,Occasional Big Spenders
CUST00488,23,Female,39635.35,0.1,In-Store,Electronics,1,18,607.47,33.75,0,2,Occasional Big Spenders
CUST00489,38,Male,66114.77,4.16,Online,Groceries,127,4,264.3,66.08,0,1,At-Risk / Disengaged
CUST00490,51,Female,52165.15,0.66,Mobile App,Home & Garden,145,2,205.2,102.6,0,1,At-Risk / Disengaged
CUST00491,38,Female,88675.3,0.34,In-Store,Electronics,16,32,5736.29,179.26,1,0,VIP / Premium Loyalists
CUST00492,27,Male,68195.36,4.18,Online,Fashion,46,5,1705.84,341.17,0,3,Budget Shoppers
CUST00493,32,Female,39832.97,4.03,Online,Beauty,33,11,788.88,71.72,1,2,Occasional Big Spenders
CUST00494,33,Other,40195.98,0.37,In-Store,Electronics,12,17,667.63,39.27,0,2,Occasional Big Spenders
CUST00495,61,Female,110013.66,2.12,In-Store,Electronics,11,19,3576.12,188.22,1,0,VIP / Premium Loyalists
CUST00496,54,Female,121194.01,5.81,In-Store,Fashion,9,30,3639.57,121.32,0,0,VIP / Premium Loyalists
CUST00497,29,Male,89885.21,1.76,In-Store,Groceries,63,8,1839.0,229.88,0,3,Budget Shoppers
CUST00498,29,Female,29502.19,0.4,In-Store,Sports,1,24,714.62,29.78,1,2,Occasional Big Spenders
CUST00499,18,Male,40508.67,4.17,Mobile App,Fashion,138,2,271.68,135.84,0,1,At-Risk / Disengaged
CUST00500,44,Male,27377.18,0.35,In-Store,Sports,85,3,212.56,70.85,1,1,At-Risk / Disengaged
CUST00501,31,Male,74947.16,4.87,Online,Electronics,49,6,3348.01,558.0,0,3,Budget Shoppers
CUST00502,34,Male,84830.33,2.87,Mobile App,Groceries,51,7,2899.24,414.18,1,3,Budget Shoppers
CUST00503,45,Female,68270.45,6.49,Online,Home & Garden,9,37,3911.97,105.73,1,0,VIP / Premium Loyalists
CUST00504,26,Male,48066.51,5.01,In-Store,Electronics,130,5,393.05,78.61,0,1,At-Risk / Disengaged
CUST00505,37,Female,101096.37,5.16,Mobile App,Fashion,60,8,1999.89,249.99,1,3,Budget Shoppers
CUST00506,31,Female,33370.18,0.28,In-Store,Home & Garden,29,16,757.5,47.34,0,2,Occasional Big Spenders
CUST00507,37,Female,68438.22,1.85,In-Store,Beauty,138,2,598.22,299.11,0,1,At-Risk / Disengaged
CUST00508,38,Male,55682.16,5.48,Online,Home & Garden,131,2,337.76,168.88,0,1,At-Risk / Disengaged
CUST00509,50,Female,65860.52,1.57,Online,Fashion,146,3,231.39,77.13,0,1,At-Risk / Disengaged
CUST00510,41,Male,96309.04,0.72,Online,Home & Garden,48,3,3355.3,1118.43,0,3,Budget Shoppers
CUST00511,37,Male,100537.03,1.15,In-Store,Fashion,37,9,3096.85,344.09,0,3,Budget Shoppers
CUST00512,45,Other,82634.62,8.48,In-Store,Electronics,3,8,4954.04,619.26,1,4,Steady Regulars
CUST00513,74,Male,84618.74,1.61,In-Store,Groceries,115,3,419.47,139.82,0,1,At-Risk / Disengaged
CUST00514,55,Male,70989.25,3.14,Online,Beauty,109,4,241.83,60.46,1,1,At-Risk / Disengaged
CUST00515,21,Female,16470.85,1.36,Online,Groceries,22,14,297.23,21.23,0,2,Occasional Big Spenders
CUST00516,28,Male,34978.0,0.1,In-Store,Groceries,15,17,692.97,40.76,1,2,Occasional Big Spenders
CUST00517,42,Female,83039.06,2.25,Online,Groceries,5,27,4457.34,165.09,1,0,VIP / Premium Loyalists
CUST00518,37,Male,50508.51,2.91,In-Store,Fashion,89,1,121.24,121.24,0,1,At-Risk / Disengaged
CUST00519,28,Male,54936.6,3.38,In-Store,Fashion,158,2,216.93,108.46,1,1,At-Risk / Disengaged
CUST00520,18,Male,44107.32,6.74,In-Store,Beauty,15,17,825.63,48.57,0,2,Occasional Big Spenders
CUST00521,41,Male,94800.34,4.87,Online,Fashion,33,8,2958.03,369.75,0,3,Budget Shoppers
CUST00522,45,Male,115768.22,6.83,Mobile App,Sports,6,15,3786.29,252.42,0,4,Steady Regulars
CUST00523,47,Female,42536.44,1.62,Online,Fashion,97,2,87.47,43.74,0,1,At-Risk / Disengaged
CUST00524,41,Female,63800.17,1.2,Mobile App,Fashion,111,3,409.92,136.64,0,1,At-Risk / Disengaged
CUST00525,33,Female,45099.56,0.39,Online,Fashion,89,1,355.72,355.72,1,1,At-Risk / Disengaged
CUST00526,41,Male,92175.66,3.15,Online,Electronics,9,27,3825.74,141.69,0,0,VIP / Premium Loyalists
CUST00527,50,Female,101751.72,5.87,Mobile App,Beauty,9,23,4206.3,182.88,0,0,VIP / Premium Loyalists
CUST00528,25,Female,29886.16,0.75,Online,Sports,8,14,380.59,27.18,0,2,Occasional Big Spenders
CUST00529,21,Female,36275.7,2.39,In-Store,Fashion,8,21,605.21,28.82,0,2,Occasional Big Spenders
CUST00530,18,Male,61855.68,0.27,Mobile App,Beauty,159,3,156.53,52.18,0,1,At-Risk / Disengaged
CUST00531,20,Female,23103.4,8.86,Mobile App,Home & Garden,109,3,252.28,84.09,1,1,At-Risk / Disengaged
CUST00532,21,Female,56052.03,1.26,Mobile App,Electronics,104,5,232.14,46.43,1,1,At-Risk / Disengaged
CUST00533,21,Male,57313.4,1.13,Online,Fashion,155,4,275.7,68.92,0,1,At-Risk / Disengaged
CUST00534,33,Female,69765.65,4.21,In-Store,Sports,65,7,2040.94,291.56,0,3,Budget Shoppers
CUST00535,23,Male,45345.38,2.76,Online,Electronics,102,2,417.47,208.74,0,1,At-Risk / Disengaged
CUST00536,19,Female,35222.08,1.9,Online,Sports,162,2,364.04,182.02,0,1,At-Risk / Disengaged
CUST00537,29,Female,57404.82,2.82,Mobile App,Electronics,159,1,256.14,256.14,0,1,At-Risk / Disengaged
CUST00538,26,Female,30166.66,3.63,Online,Home & Garden,4,15,560.39,37.36,1,2,Occasional Big Spenders
CUST00539,45,Male,105687.81,8.63,In-Store,Beauty,7,20,4455.62,222.78,1,4,Steady Regulars
CUST00540,35,Male,47362.06,3.72,In-Store,Electronics,34,16,535.64,33.48,1,2,Occasional Big Spenders
CUST00541,22,Female,27846.13,0.15,In-Store,Groceries,98,5,414.0,82.8,0,1,At-Risk / Disengaged
CUST00542,40,Female,90674.09,6.29,Mobile App,Home & Garden,20,7,2217.11,316.73,0,3,Budget Shoppers
CUST00543,18,Male,27877.46,3.6,Online,Groceries,14,21,270.58,12.88,0,2,Occasional Big Spenders
CUST00544,37,Female,122240.05,1.42,In-Store,Home & Garden,51,5,3546.81,709.36,1,3,Budget Shoppers
CUST00545,34,Female,113029.37,1.26,Mobile App,Groceries,66,7,3100.54,442.93,1,3,Budget Shoppers
CUST00546,48,Male,107511.45,5.53,Online,Groceries,6,21,5751.99,273.9,0,0,VIP / Premium Loyalists
CUST00547,34,Male,23745.48,0.52,Online,Sports,20,14,387.71,27.69,0,2,Occasional Big Spenders
CUST00548,40,Male,92902.81,5.71,In-Store,Electronics,70,4,988.11,247.03,0,1,At-Risk / Disengaged
CUST00549,55,Female,99036.23,0.1,Online,Electronics,40,3,2616.14,872.05,0,3,Budget Shoppers
CUST00550,31,Female,61290.23,0.5,Online,Home & Garden,84,3,445.8,148.6,0,1,At-Risk / Disengaged
CUST00551,44,Female,122504.56,1.05,Mobile App,Beauty,58,8,2842.06,355.26,1,3,Budget Shoppers
CUST00552,40,Female,41429.39,2.73,In-Store,Sports,126,5,234.05,46.81,0,1,At-Risk / Disengaged
CUST00553,33,Female,51974.52,0.5,Mobile App,Electronics,39,8,3176.34,397.04,1,3,Budget Shoppers
CUST00554,42,Female,73252.78,2.52,Mobile App,Electronics,41,7,4086.67,583.81,0,3,Budget Shoppers
CUST00555,28,Male,40829.22,3.3,In-Store,Sports,117,3,434.02,144.67,1,1,At-Risk / Disengaged
CUST00556,46,Female,121773.05,3.0,Online,Fashion,8,26,4335.88,166.76,0,0,VIP / Premium Loyalists
CUST00557,24,Male,37904.93,0.27,Online,Sports,17,9,902.29,100.25,0,2,Occasional Big Spenders
CUST00558,33,Female,46664.2,1.34,Online,Electronics,3,18,618.61,34.37,1,2,Occasional Big Spenders
CUST00559,42,Female,34255.17,1.22,Mobile App,Beauty,161,5,678.25,135.65,0,1,At-Risk / Disengaged
CUST00560,28,Male,69578.7,0.22,Online,Fashion,46,5,3154.81,630.96,0,3,Budget Shoppers
CUST00561,55,Female,81056.93,6.75,Online,Groceries,20,5,1417.16,283.43,1,4,Steady Regulars
CUST00562,31,Male,35036.81,0.1,In-Store,Sports,22,24,471.18,19.63,1,2,Occasional Big Spenders
CUST00563,18,Female,32437.62,5.39,Online,Groceries,28,20,470.48,23.52,0,2,Occasional Big Spenders
CUST00564,27,Male,54126.13,0.84,Online,Fashion,18,18,360.65,20.04,0,2,Occasional Big Spenders
CUST00565,41,Female,122666.54,0.15,In-Store,Fashion,8,16,3412.01,213.25,1,0,VIP / Premium Loyalists
CUST00566,40,Male,116195.81,0.1,Online,Fashion,42,5,1693.47,338.69,1,3,Budget Shoppers
CUST00567,62,Male,81526.35,1.83,Online,Home & Garden,1,29,3657.09,126.11,0,0,VIP / Premium Loyalists
CUST00568,42,Male,114348.33,4.83,Online,Sports,7,26,5012.87,192.8,0,0,VIP / Premium Loyalists
CUST00569,45,Male,28756.59,1.15,In-Store,Beauty,85,1,202.87,202.87,0,1,At-Risk / Disengaged
CUST00570,53,Male,127472.57,1.15,In-Store,Beauty,8,30,5963.38,198.78,1,0,VIP / Premium Loyalists
CUST00571,46,Female,87528.19,2.31,Online,Groceries,56,12,2726.96,227.25,0,3,Budget Shoppers
CUST00572,40,Male,53529.77,0.4,In-Store,Groceries,104,3,385.17,128.39,0,1,At-Risk / Disengaged
CUST00573,57,Male,118972.72,3.91,Online,Groceries,12,23,4799.92,208.69,0,0,VIP / Premium Loyalists
CUST00574,41,Male,87869.37,0.9,Mobile App,Sports,33,8,3589.16,448.64,1,3,Budget Shoppers
CUST00575,42,Female,39429.07,1.18,Online,Electronics,74,3,246.49,82.16,1,1,At-Risk / Disengaged
CUST00576,36,Female,32400.96,4.4,In-Store,Groceries,117,3,256.6,85.53,0,1,At-Risk / Disengaged
CUST00577,35,Female,19706.88,0.74,Mobile App,Fashion,25,17,728.94,42.88,1,2,Occasional Big Spenders
CUST00578,36,Female,47302.75,1.35,Mobile App,Groceries,125,3,350.09,116.7,1,1,At-Risk / Disengaged
CUST00579,44,Male,114431.17,5.37,Online,Fashion,13,18,4676.39,259.8,0,0,VIP / Premium Loyalists
CUST00580,24,Male,33707.55,6.11,Online,Home & Garden,10,13,436.6,33.58,0,2,Occasional Big Spenders
CUST00581,56,Male,127723.82,8.15,In-Store,Electronics,8,25,3964.61,158.58,1,4,Steady Regulars
CUST00582,51,Female,39856.38,2.81,Online,Electronics,87,2,470.19,235.1,1,1,At-Risk / Disengaged
CUST00583,58,Other,102546.49,2.04,Mobile App,Sports,7,13,3836.16,295.09,1,0,VIP / Premium Loyalists
CUST00584,37,Female,112391.97,2.17,In-Store,Sports,5,34,5000.02,147.06,1,0,VIP / Premium Loyalists
CUST00585,31,Male,124811.75,0.1,In-Store,Beauty,41,6,3549.26,591.54,1,3,Budget Shoppers
CUST00586,33,Male,36232.38,3.61,Online,Home & Garden,15,18,193.01,10.72,0,2,Occasional Big Spenders
CUST00587,30,Male,48106.88,0.73,In-Store,Sports,18,20,372.16,18.61,0,2,Occasional Big Spenders
CUST00588,18,Female,28873.52,3.15,In-Store,Fashion,15,7,797.95,113.99,1,2,Occasional Big Spenders
CUST00589,30,Male,31180.71,0.52,Mobile App,Home & Garden,10,18,601.92,33.44,0,2,Occasional Big Spenders
CUST00590,29,Female,44169.43,0.21,Online,Electronics,14,13,509.42,39.19,1,2,Occasional Big Spenders
CUST00591,32,Male,29304.21,4.22,Online,Fashion,3,17,527.37,31.02,0,2,Occasional Big Spenders
CUST00592,29,Female,71074.67,3.09,Online,Home & Garden,44,6,3482.97,580.5,0,3,Budget Shoppers
CUST00593,28,Female,30926.29,0.95,Online,Electronics,8,15,528.19,35.21,0,2,Occasional Big Spenders
CUST00594,48,Female,83824.43,3.07,In-Store,Sports,16,23,4949.2,215.18,1,0,VIP / Premium Loyalists
CUST00595,18,Female,42561.83,0.98,Mobile App,Fashion,153,1,50.0,50.0,1,1,At-Risk / Disengaged
CUST00596,50,Female,77062.72,15.0,Online,Fashion,10,20,2942.74,147.14,0,4,Steady Regulars
CUST00597,39,Female,83726.33,0.23,Mobile App,Electronics,52,1,2200.2,2200.2,0,3,Budget Shoppers
CUST00598,21,Female,33722.52,0.1,Online,Fashion,18,22,621.98,28.27,0,2,Occasional Big Spenders
CUST00599,27,Female,39466.69,1.14,Online,Sports,30,16,648.67,40.54,0,2,Occasional Big Spenders
CUST00600,18,Other,25591.84,0.39,Online,Sports,12,31,593.92,19.16,1,2,Occasional Big Spenders
CUST00601,36,Female,38357.64,2.22,Online,Sports,17,18,364.37,20.24,0,2,Occasional Big Spenders
CUST00602,34,Female,31829.47,2.28,Mobile App,Electronics,6,14,313.47,22.39,0,2,Occasional Big Spenders
CUST00603,34,Female,34374.15,0.38,Online,Groceries,1,22,511.52,23.25,1,2,Occasional Big Spenders
CUST00604,30,Male,21263.5,5.12,In-Store,Groceries,15,3,688.71,229.57,1,2,Occasional Big Spenders
CUST00605,32,Male,36685.35,1.9,Online,Fashion,17,13,635.08,48.85,1,2,Occasional Big Spenders
CUST00606,53,Female,94857.46,8.07,Mobile App,Sports,7,10,3478.25,347.82,0,4,Steady Regulars
CUST00607,31,Female,32665.93,1.75,Online,Fashion,15,20,643.63,32.18,0,2,Occasional Big Spenders
CUST00608,29,Female,128791.59,1.52,Online,Electronics,4,15,3223.14,214.88,1,0,VIP / Premium Loyalists
CUST00609,20,Male,93176.95,1.47,Online,Fashion,36,4,2752.31,688.08,1,3,Budget Shoppers
CUST00610,41,Female,100213.77,3.15,Online,Beauty,46,8,2022.7,252.84,1,3,Budget Shoppers
CUST00611,23,Female,36625.89,0.36,Online,Groceries,11,19,826.37,43.49,1,2,Occasional Big Spenders
CUST00612,42,Male,47914.25,9.19,Mobile App,Fashion,156,2,259.06,129.53,0,1,At-Risk / Disengaged
CUST00613,49,Female,67510.98,0.6,In-Store,Fashion,29,6,2110.74,351.79,0,3,Budget Shoppers
CUST00614,23,Female,48198.27,0.74,In-Store,Home & Garden,9,15,413.95,27.6,1,2,Occasional Big Spenders
CUST00615,27,Male,60979.33,4.51,In-Store,Fashion,114,2,305.32,152.66,0,1,At-Risk / Disengaged
CUST00616,18,Female,51525.28,1.13,Online,Beauty,123,5,174.57,34.91,0,1,At-Risk / Disengaged
CUST00617,28,Female,32307.58,2.18,Online,Groceries,15,17,783.04,46.06,1,2,Occasional Big Spenders
CUST00618,22,Male,42496.54,1.95,Mobile App,Home & Garden,10,16,331.79,20.74,0,2,Occasional Big Spenders
CUST00619,43,Male,32694.62,2.52,Mobile App,Electronics,143,3,356.76,118.92,0,1,At-Risk / Disengaged
CUST00620,32,Other,91391.46,5.5,Mobile App,Electronics,18,8,1537.28,192.16,1,3,Budget Shoppers
CUST00621,37,Male,43200.87,0.56,Mobile App,Groceries,10,18,592.89,32.94,1,2,Occasional Big Spenders
CUST00622,19,Male,35139.64,0.94,Online,Electronics,4,12,473.23,39.44,0,2,Occasional Big Spenders
CUST00623,48,Male,124317.45,0.48,Online,Beauty,9,22,4673.15,212.42,1,0,VIP / Premium Loyalists
CUST00624,50,Female,130702.58,2.45,Online,Fashion,10,35,4985.74,142.45,1,0,VIP / Premium Loyalists
CUST00625,33,Female,95583.33,1.97,Online,Groceries,35,6,1580.44,263.41,1,3,Budget Shoppers
CUST00626,41,Female,118068.74,0.44,Online,Home & Garden,5,21,4550.8,216.7,1,0,VIP / Premium Loyalists
CUST00627,26,Male,150841.39,3.93,Online,Fashion,9,19,4325.7,227.67,0,0,VIP / Premium Loyalists
CUST00628,40,Female,87687.64,2.36,In-Store,Electronics,36,7,2695.4,385.06,1,3,Budget Shoppers
CUST00629,30,Male,41559.4,0.63,Mobile App,Electronics,18,15,725.95,48.4,1,2,Occasional Big Spenders
CUST00630,20,Male,37567.01,5.5,In-Store,Home & Garden,14,22,676.7,30.76,0,2,Occasional Big Spenders
CUST00631,42,Male,114294.74,0.1,Mobile App,Beauty,32,7,2712.38,387.48,1,3,Budget Shoppers
CUST00632,45,Male,66225.83,0.17,Online,Home & Garden,106,2,521.8,260.9,0,1,At-Risk / Disengaged
CUST00633,28,Female,50034.9,0.17,Online,Groceries,48,7,2983.45,426.21,0,3,Budget Shoppers
CUST00634,20,Female,93773.5,2.87,In-Store,Home & Garden,48,2,2565.43,1282.71,0,3,Budget Shoppers
CUST00635,33,Male,42566.96,0.1,Online,Electronics,8,12,652.56,54.38,0,2,Occasional Big Spenders
CUST00636,38,Female,130027.33,2.46,Online,Beauty,9,23,4973.85,216.25,0,0,VIP / Premium Loyalists
CUST00637,40,Female,84891.96,5.24,Online,Beauty,37,7,3621.41,517.34,0,3,Budget Shoppers
CUST00638,26,Female,37486.87,0.63,Online,Sports,2,17,776.84,45.7,0,2,Occasional Big Spenders
CUST00639,23,Male,35799.1,0.31,In-Store,Home & Garden,19,25,525.76,21.03,1,2,Occasional Big Spenders
CUST00640,41,Female,112480.9,6.85,Online,Groceries,5,25,3725.34,149.01,0,0,VIP / Premium Loyalists
CUST00641,21,Male,24334.97,2.03,In-Store,Electronics,3,21,778.29,37.06,1,2,Occasional Big Spenders
CUST00642,60,Female,88852.04,0.56,In-Store,Fashion,11,19,3925.63,206.61,0,0,VIP / Premium Loyalists
CUST00643,31,Male,38341.45,1.44,Online,Beauty,16,20,648.48,32.42,0,2,Occasional Big Spenders
CUST00644,55,Female,124143.72,1.35,Online,Home & Garden,12,28,4559.92,162.85,0,0,VIP / Premium Loyalists
CUST00645,20,Male,43431.13,0.4,Online,Sports,5,19,473.23,24.91,0,2,Occasional Big Spenders
CUST00646,42,Male,62959.2,4.27,Online,Groceries,120,2,255.19,127.6,0,1,At-Risk / Disengaged
CUST00647,46,Female,95023.86,2.88,In-Store,Groceries,51,4,2387.47,596.87,0,3,Budget Shoppers
CUST00648,34,Female,121403.72,1.3,In-Store,Electronics,53,5,1498.41,299.68,0,3,Budget Shoppers
CUST00649,23,Female,29712.37,6.78,In-Store,Beauty,72,4,274.31,68.58,0,1,At-Risk / Disengaged
CUST00650,48,Female,115865.5,11.65,Online,Electronics,5,24,4591.27,191.3,1,4,Steady Regulars
CUST00651,21,Male,43462.51,2.38,In-Store,Sports,10,13,573.31,44.1,0,2,Occasional Big Spenders
CUST00652,30,Female,74415.93,1.93,In-Store,Fashion,53,9,1917.15,213.02,1,3,Budget Shoppers
CUST00653,49,Male,115597.28,5.54,Online,Fashion,24,8,2762.83,345.35,0,3,Budget Shoppers
CUST00654,33,Male,116918.57,9.77,In-Store,Fashion,49,8,3639.91,454.99,0,4,Steady Regulars
CUST00655,51,Female,97248.25,3.98,Online,Groceries,9,22,4024.91,182.95,1,0,VIP / Premium Loyalists
CUST00656,31,Female,21221.25,4.13,In-Store,Beauty,1,23,483.98,21.04,1,2,Occasional Big Spenders
CUST00657,29,Female,39674.51,1.5,In-Store,Electronics,14,18,661.58,36.75,1,2,Occasional Big Spenders
CUST00658,43,Female,90820.48,0.63,Online,Electronics,11,33,3059.1,92.7,1,0,VIP / Premium Loyalists
CUST00659,33,Female,106797.27,0.1,In-Store,Sports,29,9,2172.57,241.4,1,3,Budget Shoppers
CUST00660,40,Male,90602.94,2.72,Online,Fashion,52,5,2209.62,441.92,0,3,Budget Shoppers
CUST00661,57,Male,110282.99,1.9,Online,Beauty,6,22,4847.14,220.32,1,0,VIP / Premium Loyalists
CUST00662,28,Female,46188.45,1.61,Mobile App,Beauty,100,3,312.51,104.17,0,1,At-Risk / Disengaged
CUST00663,33,Male,109969.1,4.63,Mobile App,Sports,48,4,2795.83,698.96,1,3,Budget Shoppers
CUST00664,31,Male,49208.7,0.67,Online,Home & Garden,11,14,682.1,48.72,0,2,Occasional Big Spenders
CUST00665,24,Male,36569.93,2.54,Online,Beauty,19,7,598.78,85.54,0,2,Occasional Big Spenders
CUST00666,28,Female,45998.27,0.79,Online,Beauty,12,23,634.3,27.58,1,2,Occasional Big Spenders
CUST00667,35,Male,45493.55,0.36,Online,Electronics,6,17,548.23,32.25,1,2,Occasional Big Spenders
CUST00668,29,Female,27994.21,4.82,Mobile App,Sports,24,12,603.37,50.28,0,2,Occasional Big Spenders
CUST00669,34,Female,30901.01,0.1,Mobile App,Beauty,15,16,771.9,48.24,1,2,Occasional Big Spenders
CUST00670,18,Male,48238.03,0.4,In-Store,Beauty,10,26,538.28,20.7,0,2,Occasional Big Spenders
CUST00671,29,Female,45092.15,0.81,Online,Electronics,10,14,764.41,54.6,0,2,Occasional Big Spenders
CUST00672,40,Female,59001.78,2.01,In-Store,Beauty,108,2,533.79,266.9,0,1,At-Risk / Disengaged
CUST00673,30,Female,25237.43,2.42,Online,Electronics,1,4,722.1,180.52,0,2,Occasional Big Spenders
CUST00674,39,Female,126474.37,0.53,Mobile App,Home & Garden,39,6,4646.72,774.45,1,3,Budget Shoppers
CUST00675,32,Male,105412.35,3.99,Mobile App,Groceries,7,28,4236.45,151.3,0,0,VIP / Premium Loyalists
CUST00676,42,Female,33875.53,2.93,In-Store,Electronics,124,2,270.27,135.14,0,1,At-Risk / Disengaged
CUST00677,34,Male,32734.26,1.86,Online,Electronics,10,16,707.76,44.24,0,2,Occasional Big Spenders
CUST00678,44,Female,121172.53,3.53,Online,Beauty,1,17,4966.04,292.12,1,0,VIP / Premium Loyalists
CUST00679,41,Female,34173.38,2.86,Online,Electronics,145,2,383.13,191.56,0,1,At-Risk / Disengaged
CUST00680,48,Female,32388.89,0.72,Mobile App,Sports,96,4,435.63,108.91,1,1,At-Risk / Disengaged
CUST00681,25,Male,35749.05,1.24,Online,Fashion,77,2,290.07,145.04,0,1,At-Risk / Disengaged
CUST00682,28,Male,32647.21,1.44,Online,Fashion,17,20,523.72,26.19,1,2,Occasional Big Spenders
CUST00683,28,Male,31246.95,0.77,Online,Home & Garden,7,11,699.94,63.63,1,2,Occasional Big Spenders
CUST00684,43,Female,92785.07,5.7,Mobile App,Electronics,54,6,3889.42,648.24,0,3,Budget Shoppers
CUST00685,28,Male,58887.95,0.15,Online,Sports,132,4,309.75,77.44,0,1,At-Risk / Disengaged
CUST00686,38,Female,97275.43,0.1,Mobile App,Beauty,27,10,3484.65,348.46,1,3,Budget Shoppers
CUST00687,45,Male,97012.38,1.54,Mobile App,Beauty,60,7,2818.34,402.62,1,3,Budget Shoppers
CUST00688,25,Other,28680.93,2.17,Mobile App,Groceries,15,18,899.53,49.97,0,2,Occasional Big Spenders
CUST00689,21,Male,49251.8,0.51,Online,Home & Garden,89,4,334.91,83.73,1,1,At-Risk / Disengaged
CUST00690,32,Female,35176.82,0.44,Online,Sports,19,19,502.33,26.44,1,2,Occasional Big Spenders
CUST00691,49,Female,119916.1,0.57,Online,Sports,8,26,5483.47,210.9,1,0,VIP / Premium Loyalists
CUST00692,43,Female,149977.43,7.68,Online,Beauty,16,23,3538.79,153.86,1,4,Steady Regulars
CUST00693,36,Female,87676.07,3.89,Online,Groceries,37,7,1751.92,250.27,1,3,Budget Shoppers
CUST00694,33,Male,40288.82,3.1,In-Store,Beauty,5,22,455.04,20.68,1,2,Occasional Big Spenders
CUST00695,22,Female,36996.39,0.17,Online,Groceries,6,17,754.41,44.38,0,2,Occasional Big Spenders
CUST00696,45,Male,119492.17,7.5,Mobile App,Fashion,45,6,3316.26,552.71,0,4,Steady Regulars
CUST00697,18,Male,41261.04,2.81,Online,Sports,15,24,435.71,18.15,0,2,Occasional Big Spenders
CUST00698,18,Female,88895.66,2.13,In-Store,Fashion,63,6,1335.23,222.54,0,3,Budget Shoppers
CUST00699,31,Female,29794.72,4.47,In-Store,Beauty,1,17,560.16,32.95,1,2,Occasional Big Spenders
CUST00700,42,Female,92309.94,0.14,In-Store,Home & Garden,6,13,3891.45,299.34,0,0,VIP / Premium Loyalists
CUST00701,42,Male,59911.31,1.18,Mobile App,Electronics,14,7,3154.91,450.7,0,3,Budget Shoppers
CUST00702,27,Male,28116.13,0.35,In-Store,Home & Garden,9,26,561.37,21.59,0,2,Occasional Big Spenders
CUST00703,56,Male,101611.3,0.21,Mobile App,Home & Garden,11,13,4727.56,363.66,0,0,VIP / Premium Loyalists
CUST00704,23,Male,32159.03,1.92,Online,Electronics,18,16,730.08,45.63,0,2,Occasional Big Spenders
CUST00705,30,Male,32763.94,0.33,In-Store,Sports,14,17,473.15,27.83,0,2,Occasional Big Spenders
CUST00706,35,Male,60203.23,3.64,Online,Fashion,114,1,339.9,339.9,0,1,At-Risk / Disengaged
CUST00707,52,Male,86273.27,0.66,Online,Fashion,10,28,2670.95,95.39,0,0,VIP / Premium Loyalists
CUST00708,36,Female,37479.2,0.24,Online,Sports,77,3,492.16,164.05,0,1,At-Risk / Disengaged
CUST00709,30,Male,33866.81,0.17,Online,Electronics,24,21,273.27,13.01,0,2,Occasional Big Spenders
CUST00710,33,Female,100327.78,1.67,Online,Groceries,51,6,1905.11,317.52,1,3,Budget Shoppers
CUST00711,41,Male,52233.15,0.44,Online,Home & Garden,155,7,404.49,57.78,0,1,At-Risk / Disengaged
CUST00712,47,Female,90031.59,1.16,Online,Beauty,49,4,2219.76,554.94,0,3,Budget Shoppers
CUST00713,44,Female,76306.65,0.22,Mobile App,Fashion,9,24,4317.55,179.9,0,0,VIP / Premium Loyalists
CUST00714,41,Male,110892.15,0.75,Online,Sports,13,40,5110.03,127.75,1,0,VIP / Premium Loyalists
CUST00715,40,Female,89710.41,0.58,In-Store,Beauty,3,27,3654.9,135.37,1,0,VIP / Premium Loyalists
CUST00716,47,Male,56676.56,8.32,Online,Electronics,96,5,373.1,74.62,0,1,At-Risk / Disengaged
CUST00717,25,Female,57130.48,7.58,Mobile App,Beauty,139,2,207.39,103.7,0,1,At-Risk / Disengaged
CUST00718,54,Male,39600.34,0.16,Mobile App,Beauty,128,1,97.53,97.53,1,1,At-Risk / Disengaged
CUST00719,22,Other,34921.24,0.25,In-Store,Home & Garden,1,12,700.64,58.39,1,2,Occasional Big Spenders
CUST00720,43,Male,70220.94,3.07,In-Store,Electronics,23,7,2488.54,355.51,0,3,Budget Shoppers
CUST00721,29,Male,32697.61,2.59,Online,Beauty,128,2,237.81,118.9,0,1,At-Risk / Disengaged
CUST00722,34,Female,35901.26,2.78,Mobile App,Fashion,22,16,430.34,26.9,0,2,Occasional Big Spenders
CUST00723,34,Male,45341.96,0.27,Mobile App,Electronics,28,20,688.11,34.41,1,2,Occasional Big Spenders
CUST00724,51,Female,106750.83,0.48,Mobile App,Fashion,58,6,2199.7,366.62,1,3,Budget Shoppers
CUST00725,48,Male,55557.43,0.32,In-Store,Sports,68,8,2478.16,309.77,0,3,Budget Shoppers
CUST00726,42,Female,47241.96,0.31,Online,Sports,126,4,300.09,75.02,0,1,At-Risk / Disengaged
CUST00727,32,Male,23799.43,1.34,Mobile App,Groceries,20,17,612.42,36.02,0,2,Occasional Big Spenders
CUST00728,26,Female,31114.02,0.65,Online,Sports,144,5,251.59,50.32,0,1,At-Risk / Disengaged
CUST00729,28,Female,45025.06,3.03,In-Store,Beauty,21,23,649.03,28.22,0,2,Occasional Big Spenders
CUST00730,20,Male,38835.53,0.74,Online,Electronics,14,12,577.24,48.1,0,2,Occasional Big Spenders
CUST00731,26,Male,37472.38,2.29,Mobile App,Sports,10,17,459.08,27.0,0,2,Occasional Big Spenders
CUST00732,48,Male,39095.77,1.76,Online,Fashion,35,2,457.05,228.52,1,1,At-Risk / Disengaged
CUST00733,25,Other,70270.97,2.78,Online,Beauty,66,6,3072.72,512.12,1,3,Budget Shoppers
CUST00734,18,Male,78323.59,2.15,In-Store,Sports,31,6,2996.67,499.44,0,3,Budget Shoppers
CUST00735,43,Male,111387.4,0.34,In-Store,Home & Garden,9,38,2520.51,66.33,1,0,VIP / Premium Loyalists
CUST00736,43,Male,36838.18,2.13,In-Store,Fashion,48,3,513.89,171.3,1,1,At-Risk / Disengaged
CUST00737,51,Male,93038.69,1.14,Online,Fashion,6,21,2763.49,131.59,0,0,VIP / Premium Loyalists
CUST00738,31,Female,70164.77,0.23,Online,Groceries,159,3,447.34,149.11,1,1,At-Risk / Disengaged
CUST00739,58,Female,124670.96,10.14,In-Store,Home & Garden,8,23,4261.29,185.27,1,4,Steady Regulars
CUST00740,41,Female,110855.66,4.48,Mobile App,Groceries,10,28,4149.91,148.21,1,0,VIP / Premium Loyalists
CUST00741,45,Female,95297.66,1.77,Mobile App,Sports,7,14,6021.67,430.12,1,0,VIP / Premium Loyalists
CUST00742,35,Female,110279.64,1.65,Online,Home & Garden,3,27,4990.92,184.85,1,0,VIP / Premium Loyalists
CUST00743,45,Male,104691.83,2.04,Mobile App,Fashion,56,11,4329.57,393.6,0,3,Budget Shoppers
CUST00744,32,Male,79271.7,1.33,Online,Groceries,59,4,2892.95,723.24,0,3,Budget Shoppers
CUST00745,31,Female,43568.64,1.73,In-Store,Beauty,1,18,768.28,42.68,0,2,Occasional Big Spenders
CUST00746,33,Female,46675.48,1.13,Online,Home & Garden,129,3,388.87,129.62,0,1,At-Risk / Disengaged
CUST00747,51,Female,110389.17,0.89,Online,Fashion,7,21,3955.85,188.37,1,0,VIP / Premium Loyalists
CUST00748,47,Male,60762.75,1.76,In-Store,Electronics,26,6,2958.7,493.12,0,3,Budget Shoppers
CUST00749,35,Male,54337.76,3.83,In-Store,Home & Garden,85,3,373.14,124.38,0,1,At-Risk / Disengaged
CUST00750,24,Male,122786.56,0.3,Online,Home & Garden,46,9,4238.14,470.9,0,3,Budget Shoppers
CUST00751,27,Female,26445.96,0.1,Online,Sports,23,30,597.45,19.92,0,2,Occasional Big Spenders
CUST00752,41,Female,68068.92,0.64,Online,Beauty,125,4,266.75,66.69,0,1,At-Risk / Disengaged
CUST00753,25,Female,125673.84,7.43,In-Store,Sports,43,5,3422.41,684.48,1,3,Budget Shoppers
CUST00754,36,Male,126127.31,0.29,Online,Home & Garden,6,24,3662.51,152.6,0,0,VIP / Premium Loyalists
CUST00755,32,Female,39013.48,1.09,Online,Home & Garden,17,18,660.04,36.67,0,2,Occasional Big Spenders
CUST00756,37,Male,51131.27,1.98,In-Store,Beauty,89,3,180.56,60.19,1,1,At-Risk / Disengaged
CUST00757,38,Male,69723.69,2.31,In-Store,Beauty,43,7,3971.35,567.34,0,3,Budget Shoppers
CUST00758,33,Female,81773.53,0.1,In-Store,Groceries,20,5,2144.02,428.8,0,3,Budget Shoppers
CUST00759,43,Male,39745.49,5.78,In-Store,Fashion,112,3,317.95,105.98,0,1,At-Risk / Disengaged
CUST00760,36,Male,44944.14,4.81,Mobile App,Fashion,124,4,351.13,87.78,0,1,At-Risk / Disengaged
CUST00761,19,Female,35401.82,2.36,Mobile App,Groceries,19,22,496.15,22.55,1,2,Occasional Big Spenders
CUST00762,40,Female,101502.02,9.28,Mobile App,Fashion,12,25,5158.83,206.35,0,4,Steady Regulars
CUST00763,26,Male,33308.93,0.31,In-Store,Home & Garden,21,20,941.37,47.07,0,2,Occasional Big Spenders
CUST00764,30,Female,94293.74,1.75,Online,Groceries,19,6,2213.77,368.96,1,3,Budget Shoppers
CUST00765,26,Male,25958.57,2.15,Mobile App,Groceries,17,8,586.21,73.28,0,2,Occasional Big Spenders
CUST00766,38,Female,79134.35,2.15,Online,Fashion,66,4,2412.41,603.1,0,3,Budget Shoppers
CUST00767,30,Female,35072.39,2.48,Online,Electronics,136,6,143.81,23.97,0,1,At-Risk / Disengaged
CUST00768,18,Female,56900.82,2.52,Online,Fashion,127,2,132.68,66.34,0,1,At-Risk / Disengaged
CUST00769,42,Female,114276.18,0.85,Online,Sports,4,34,3691.67,108.58,1,0,VIP / Premium Loyalists
CUST00770,35,Male,46579.58,5.78,Mobile App,Electronics,163,2,117.31,58.66,1,1,At-Risk / Disengaged
CUST00771,23,Male,42405.38,1.14,In-Store,Groceries,12,15,622.42,41.49,0,2,Occasional Big Spenders
CUST00772,44,Male,24362.55,0.37,In-Store,Electronics,157,3,466.58,155.53,0,1,At-Risk / Disengaged
CUST00773,28,Male,26371.9,0.43,In-Store,Home & Garden,14,20,654.06,32.7,0,2,Occasional Big Spenders
CUST00774,49,Female,93113.43,5.17,Online,Beauty,11,24,2336.45,97.35,0,0,VIP / Premium Loyalists
CUST00775,32,Male,36068.12,4.95,Online,Electronics,208,1,248.54,248.54,0,1,At-Risk / Disengaged
CUST00776,29,Male,39251.92,0.22,In-Store,Sports,30,14,850.05,60.72,0,2,Occasional Big Spenders
CUST00777,29,Male,51545.81,0.13,In-Store,Beauty,4,24,626.99,26.12,1,2,Occasional Big Spenders
CUST00778,46,Other,123466.35,5.63,Online,Home & Garden,40,6,3819.43,636.57,1,3,Budget Shoppers
CUST00779,33,Male,66941.83,0.68,In-Store,Sports,57,7,2123.95,303.42,0,3,Budget Shoppers
CUST00780,33,Female,67513.26,0.88,Online,Beauty,37,4,2519.39,629.85,0,3,Budget Shoppers
CUST00781,23,Male,131406.62,1.01,Online,Home & Garden,64,4,2990.69,747.67,0,3,Budget Shoppers
CUST00782,42,Male,83148.62,4.12,Online,Beauty,52,5,2191.86,438.37,1,3,Budget Shoppers
CUST00783,20,Female,40793.09,3.0,Online,Beauty,25,31,420.04,13.55,1,2,Occasional Big Spenders
CUST00784,51,Female,132263.57,0.3,Mobile App,Fashion,4,28,2536.29,90.58,1,0,VIP / Premium Loyalists
CUST00785,24,Female,40272.43,1.63,Mobile App,Sports,23,21,842.82,40.13,0,2,Occasional Big Spenders
CUST00786,40,Female,66812.73,4.1,Online,Sports,104,4,93.01,23.25,0,1,At-Risk / Disengaged
CUST00787,25,Male,78472.18,2.71,In-Store,Electronics,65,6,2855.7,475.95,0,3,Budget Shoppers
CUST00788,51,Male,125289.56,2.15,In-Store,Sports,4,26,4406.06,169.46,0,0,VIP / Premium Loyalists
CUST00789,44,Female,92966.76,3.63,Online,Sports,5,18,3982.07,221.23,0,0,VIP / Premium Loyalists
CUST00790,50,Male,46097.37,0.76,Online,Beauty,100,3,464.58,154.86,0,1,At-Risk / Disengaged
CUST00791,26,Female,39322.3,0.97,Mobile App,Groceries,17,12,762.63,63.55,0,2,Occasional Big Spenders
CUST00792,40,Female,66028.62,0.23,In-Store,Fashion,35,2,3175.88,1587.94,0,3,Budget Shoppers
CUST00793,40,Male,116479.6,3.94,Mobile App,Electronics,33,5,2441.23,488.25,0,3,Budget Shoppers
CUST00794,31,Female,102831.41,5.1,Online,Fashion,40,5,2568.74,513.75,0,3,Budget Shoppers
CUST00795,22,Male,38422.52,6.8,In-Store,Electronics,1,15,550.58,36.71,0,2,Occasional Big Spenders
CUST00796,55,Male,47621.45,1.14,Online,Home & Garden,105,4,50.0,12.5,0,1,At-Risk / Disengaged
CUST00797,42,Male,55631.84,1.52,Online,Beauty,125,5,235.25,47.05,0,1,At-Risk / Disengaged
CUST00798,46,Female,88721.54,1.87,In-Store,Sports,16,5,2595.16,519.03,0,3,Budget Shoppers
CUST00799,36,Male,68045.96,1.02,Online,Sports,65,5,2457.78,491.56,0,3,Budget Shoppers
CUST00800,54,Female,66079.48,0.42,Online,Groceries,98,3,473.02,157.67,1,1,At-Risk / Disengaged
CUST00801,42,Female,108314.16,0.55,Online,Fashion,84,2,3226.11,1613.06,0,3,Budget Shoppers
CUST00802,24,Female,40277.6,0.14,Online,Fashion,6,21,577.33,27.49,0,2,Occasional Big Spenders
CUST00803,46,Female,95417.53,2.28,In-Store,Fashion,65,3,1868.51,622.84,0,3,Budget Shoppers
CUST00804,18,Male,114657.85,2.51,Online,Sports,23,7,2624.61,374.94,1,3,Budget Shoppers
CUST00805,30,Male,116229.82,2.8,Online,Fashion,3,22,4627.49,210.34,0,0,VIP / Premium Loyalists
CUST00806,39,Female,98744.99,1.43,Online,Beauty,34,8,2514.42,314.3,0,3,Budget Shoppers
CUST00807,29,Female,42146.36,1.16,Online,Electronics,97,4,214.87,53.72,0,1,At-Risk / Disengaged
CUST00808,43,Other,60255.64,2.14,In-Store,Sports,118,2,252.45,126.22,1,1,At-Risk / Disengaged
CUST00809,52,Female,108178.48,6.57,Online,Beauty,7,28,4971.13,177.54,0,0,VIP / Premium Loyalists
CUST00810,27,Female,23346.55,0.1,In-Store,Home & Garden,12,11,719.0,65.36,1,2,Occasional Big Spenders
CUST00811,43,Female,40805.25,0.67,Online,Beauty,118,5,341.02,68.2,1,1,At-Risk / Disengaged
CUST00812,34,Male,39535.75,7.25,Online,Beauty,91,2,164.85,82.42,1,1,At-Risk / Disengaged
CUST00813,20,Female,49145.35,0.77,Mobile App,Home & Garden,18,11,533.72,48.52,0,2,Occasional Big Spenders
CUST00814,36,Female,70070.41,0.29,In-Store,Beauty,150,1,430.3,430.3,0,1,At-Risk / Disengaged
CUST00815,23,Male,46948.08,2.07,Online,Electronics,119,4,430.82,107.7,0,1,At-Risk / Disengaged
CUST00816,31,Other,112230.21,0.12,Mobile App,Sports,36,7,3378.37,482.62,1,3,Budget Shoppers
CUST00817,52,Male,101871.22,1.48,Online,Groceries,39,5,2681.1,536.22,0,3,Budget Shoppers
CUST00818,58,Female,122393.78,12.49,Mobile App,Home & Garden,1,31,5028.93,162.22,0,4,Steady Regulars
CUST00819,18,Female,40961.21,2.77,In-Store,Sports,16,20,493.28,24.66,0,2,Occasional Big Spenders
CUST00820,42,Female,138144.6,3.68,In-Store,Fashion,3,16,4090.56,255.66,1,0,VIP / Premium Loyalists
CUST00821,33,Male,40224.87,4.43,Mobile App,Electronics,54,5,384.38,76.88,1,1,At-Risk / Disengaged
CUST00822,30,Female,40882.73,0.54,Online,Groceries,15,19,643.35,33.86,0,2,Occasional Big Spenders
CUST00823,37,Female,59364.61,4.4,In-Store,Electronics,7,23,4308.45,187.32,1,0,VIP / Premium Loyalists
CUST00824,51,Male,104958.48,0.83,Online,Electronics,11,21,4288.58,204.22,1,0,VIP / Premium Loyalists
CUST00825,43,Female,106277.69,0.72,Online,Fashion,26,3,2277.84,759.28,0,3,Budget Shoppers
CUST00826,27,Female,40682.93,6.02,Online,Groceries,146,3,133.24,44.41,0,1,At-Risk / Disengaged
CUST00827,44,Female,107799.89,12.83,Online,Electronics,13,20,5252.41,262.62,1,4,Steady Regulars
CUST00828,47,Male,119228.5,15.0,In-Store,Fashion,13,21,4193.31,199.68,1,4,Steady Regulars
CUST00829,28,Female,88633.66,1.48,In-Store,Home & Garden,27,8,3982.43,497.8,1,3,Budget Shoppers
CUST00830,58,Female,99797.59,4.36,In-Store,Fashion,11,34,2348.44,69.07,1,0,VIP / Premium Loyalists
CUST00831,25,Male,45624.46,1.96,Online,Beauty,7,20,574.11,28.71,0,2,Occasional Big Spenders
CUST00832,50,Male,131095.56,2.65,Online,Sports,8,29,4239.1,146.18,0,0,VIP / Premium Loyalists
CUST00833,22,Other,34789.91,1.7,Mobile App,Fashion,10,22,604.72,27.49,0,2,Occasional Big Spenders
CUST00834,30,Female,31424.42,1.03,Online,Fashion,18,16,613.94,38.37,0,2,Occasional Big Spenders
CUST00835,42,Female,102509.32,2.8,In-Store,Fashion,4,12,3665.49,305.46,0,0,VIP / Premium Loyalists
CUST00836,47,Male,115940.79,5.36,In-Store,Electronics,3,29,5828.92,201.0,0,0,VIP / Premium Loyalists
CUST00837,49,Male,39140.53,1.11,In-Store,Groceries,101,1,442.34,442.34,1,1,At-Risk / Disengaged
CUST00838,57,Male,114488.34,3.59,In-Store,Fashion,10,22,3492.41,158.75,0,0,VIP / Premium Loyalists
CUST00839,42,Male,90019.91,0.1,Mobile App,Fashion,47,7,2668.26,381.18,0,3,Budget Shoppers
CUST00840,37,Female,103751.03,6.26,Online,Beauty,40,9,2367.28,263.03,0,3,Budget Shoppers
CUST00841,21,Female,31971.36,3.57,Mobile App,Beauty,22,18,698.93,38.83,0,2,Occasional Big Spenders
CUST00842,54,Female,96701.14,1.64,Online,Home & Garden,29,6,3479.07,579.84,1,3,Budget Shoppers
CUST00843,26,Male,32391.9,1.67,Online,Home & Garden,18,17,551.94,32.47,0,2,Occasional Big Spenders
CUST00844,18,Female,49247.46,2.95,Online,Beauty,82,4,347.77,86.94,1,1,At-Risk / Disengaged
CUST00845,23,Male,37934.51,2.1,In-Store,Groceries,9,22,622.71,28.31,0,2,Occasional Big Spenders
CUST00846,47,Male,104071.69,0.44,Online,Home & Garden,2,32,4665.5,145.8,0,0,VIP / Premium Loyalists
CUST00847,31,Female,30523.63,1.96,Online,Sports,1,25,714.08,28.56,0,2,Occasional Big Spenders
CUST00848,18,Female,76589.1,0.16,Online,Sports,83,5,421.47,84.29,0,1,At-Risk / Disengaged
CUST00849,37,Female,115308.32,1.19,Mobile App,Groceries,32,4,3507.19,876.8,1,3,Budget Shoppers
CUST00850,38,Male,87963.38,3.68,Mobile App,Beauty,49,6,2791.5,465.25,1,3,Budget Shoppers
CUST00851,27,Female,23171.62,0.39,In-Store,Home & Garden,11,11,704.09,64.01,0,2,Occasional Big Spenders
CUST00852,44,Female,97941.77,2.32,In-Store,Fashion,56,6,1128.2,188.03,0,3,Budget Shoppers
CUST00853,24,Female,57594.64,0.21,Online,Beauty,4,18,626.94,34.83,1,2,Occasional Big Spenders
CUST00854,51,Male,47765.79,0.36,Online,Home & Garden,135,3,165.5,55.17,0,1,At-Risk / Disengaged
CUST00855,24,Other,23047.7,0.47,Mobile App,Groceries,25,16,409.78,25.61,0,2,Occasional Big Spenders
CUST00856,26,Female,25549.71,1.88,Online,Sports,15,24,900.4,37.52,0,2,Occasional Big Spenders
CUST00857,25,Female,29038.66,0.1,Online,Groceries,14,21,596.18,28.39,1,2,Occasional Big Spenders
CUST00858,43,Male,69611.88,8.12,Online,Home & Garden,10,38,3758.37,98.9,1,0,VIP / Premium Loyalists
CUST00859,31,Male,129177.23,0.44,Online,Groceries,46,4,3399.72,849.93,1,3,Budget Shoppers
CUST00860,29,Male,37894.1,3.51,Online,Home & Garden,18,17,657.64,38.68,0,2,Occasional Big Spenders
CUST00861,42,Male,21425.83,3.33,In-Store,Home & Garden,107,6,207.95,34.66,0,1,At-Risk / Disengaged
CUST00862,40,Female,103597.99,13.29,Online,Groceries,1,16,3314.82,207.18,1,4,Steady Regulars
CUST00863,37,Male,95774.74,3.55,In-Store,Electronics,60,6,2398.14,399.69,1,3,Budget Shoppers
CUST00864,43,Male,135865.99,2.81,Online,Fashion,16,17,4618.01,271.65,1,0,VIP / Premium Loyalists
CUST00865,31,Male,117334.93,0.7,Online,Beauty,6,25,4185.68,167.43,1,0,VIP / Premium Loyalists
CUST00866,29,Male,54149.04,1.41,Online,Sports,42,4,3037.42,759.36,0,3,Budget Shoppers
CUST00867,30,Male,32348.55,0.54,In-Store,Fashion,11,22,604.41,27.47,0,2,Occasional Big Spenders
CUST00868,30,Female,30307.77,4.46,Online,Beauty,14,14,896.16,64.01,1,2,Occasional Big Spenders
CUST00869,37,Female,25649.26,0.63,In-Store,Beauty,177,3,383.71,127.9,0,1,At-Risk / Disengaged
CUST00870,25,Male,28838.0,0.8,In-Store,Sports,131,1,332.82,332.82,1,1,At-Risk / Disengaged
CUST00871,49,Male,151964.43,2.87,In-Store,Fashion,7,28,4114.42,146.94,1,0,VIP / Premium Loyalists
CUST00872,37,Male,32363.97,4.24,Online,Sports,1,27,560.74,20.77,1,2,Occasional Big Spenders
CUST00873,35,Male,93088.51,10.49,Online,Home & Garden,91,5,3157.09,631.42,1,4,Steady Regulars
CUST00874,40,Female,117576.67,7.58,Online,Sports,11,35,2460.98,70.31,0,0,VIP / Premium Loyalists
CUST00875,18,Female,32111.93,0.16,In-Store,Groceries,37,17,765.48,45.03,1,2,Occasional Big Spenders
CUST00876,34,Female,27433.09,0.77,Online,Electronics,17,18,476.87,26.49,0,2,Occasional Big Spenders
CUST00877,31,Female,98170.71,2.91,Mobile App,Electronics,26,5,2823.6,564.72,1,3,Budget Shoppers
CUST00878,40,Male,83312.41,0.1,Mobile App,Electronics,41,10,2137.61,213.76,1,3,Budget Shoppers
CUST00879,28,Female,45897.06,0.1,Online,Fashion,13,17,434.52,25.56,1,2,Occasional Big Spenders
CUST00880,31,Female,40381.01,0.37,Online,Fashion,29,9,419.58,46.62,0,2,Occasional Big Spenders
CUST00881,29,Female,25427.54,1.0,In-Store,Home & Garden,3,7,708.15,101.16,0,2,Occasional Big Spenders
CUST00882,33,Male,61361.54,2.93,Online,Electronics,51,4,3239.33,809.83,0,3,Budget Shoppers
CUST00883,20,Female,20614.28,1.63,Online,Home & Garden,1,15,554.85,36.99,0,2,Occasional Big Spenders
CUST00884,24,Female,25090.83,0.35,Mobile App,Electronics,23,11,573.15,52.1,1,2,Occasional Big Spenders
CUST00885,27,Female,39534.22,0.43,Online,Fashion,100,2,223.74,111.87,1,1,At-Risk / Disengaged
CUST00886,28,Male,24120.25,0.44,Mobile App,Groceries,25,20,865.13,43.26,1,2,Occasional Big Spenders
CUST00887,31,Female,100783.25,5.13,In-Store,Groceries,9,9,3270.61,363.4,0,3,Budget Shoppers
CUST00888,19,Female,23872.85,0.69,In-Store,Groceries,11,17,346.63,20.39,1,2,Occasional Big Spenders
CUST00889,26,Female,40723.94,1.43,Online,Sports,4,10,667.64,66.76,1,2,Occasional Big Spenders
CUST00890,32,Female,43179.59,1.03,Online,Groceries,11,6,646.95,107.82,1,2,Occasional Big Spenders
CUST00891,37,Female,114082.59,1.29,In-Store,Beauty,32,5,2676.71,535.34,0,3,Budget Shoppers
CUST00892,18,Male,38226.86,4.94,Online,Electronics,173,3,356.35,118.78,0,1,At-Risk / Disengaged
CUST00893,32,Female,36597.27,2.35,Online,Groceries,144,1,377.51,377.51,0,1,At-Risk / Disengaged
CUST00894,36,Female,113261.33,1.58,Online,Beauty,4,23,4686.05,203.74,0,0,VIP / Premium Loyalists
CUST00895,44,Female,97999.8,3.87,Online,Beauty,63,7,2123.31,303.33,1,3,Budget Shoppers
CUST00896,23,Male,33737.26,1.96,Online,Beauty,11,32,641.75,20.05,1,2,Occasional Big Spenders
CUST00897,33,Female,22355.17,0.13,In-Store,Home & Garden,25,29,401.87,13.86,0,2,Occasional Big Spenders
CUST00898,44,Female,45618.87,3.62,Online,Home & Garden,108,5,300.09,60.02,0,1,At-Risk / Disengaged
CUST00899,24,Female,44327.33,0.27,Online,Beauty,2,11,620.49,56.41,0,2,Occasional Big Spenders
CUST00900,27,Female,40624.52,0.79,In-Store,Sports,11,19,617.64,32.51,1,2,Occasional Big Spenders
CUST00901,25,Female,51430.55,1.13,Mobile App,Groceries,8,29,605.23,20.87,1,2,Occasional Big Spenders
CUST00902,20,Female,39823.71,1.91,Online,Electronics,21,14,648.91,46.35,1,2,Occasional Big Spenders
CUST00903,32,Male,35006.04,0.1,Online,Sports,20,7,667.05,95.29,0,2,Occasional Big Spenders
CUST00904,32,Male,100273.13,3.06,In-Store,Fashion,27,7,2963.23,423.32,1,3,Budget Shoppers
CUST00905,37,Male,142465.13,2.95,Mobile App,Home & Garden,16,26,5472.32,210.47,0,0,VIP / Premium Loyalists
CUST00906,28,Male,57479.07,0.58,In-Store,Groceries,143,4,153.22,38.3,0,1,At-Risk / Disengaged
CUST00907,45,Female,52572.04,1.23,In-Store,Groceries,155,1,356.15,356.15,0,1,At-Risk / Disengaged
CUST00908,36,Female,96711.26,2.38,Online,Fashion,4,15,3736.52,249.1,0,0,VIP / Premium Loyalists
CUST00909,33,Female,28303.28,0.26,In-Store,Fashion,15,20,629.94,31.5,0,2,Occasional Big Spenders
CUST00910,54,Male,112757.92,2.32,Online,Groceries,16,29,4444.48,153.26,0,0,VIP / Premium Loyalists
CUST00911,40,Male,102186.11,0.99,In-Store,Fashion,82,5,2577.57,515.51,0,3,Budget Shoppers
CUST00912,28,Female,30576.83,0.61,In-Store,Groceries,16,18,537.79,29.88,0,2,Occasional Big Spenders
CUST00913,23,Female,87353.04,0.96,Mobile App,Sports,53,4,1801.22,450.3,0,3,Budget Shoppers
CUST00914,46,Male,95710.08,5.6,Online,Fashion,9,28,4782.68,170.81,0,0,VIP / Premium Loyalists
CUST00915,47,Female,116932.64,3.76,Online,Sports,78,5,2876.7,575.34,0,3,Budget Shoppers
CUST00916,42,Female,65183.07,4.72,In-Store,Sports,8,29,3125.22,107.77,1,0,VIP / Premium Loyalists
CUST00917,25,Male,41835.22,1.09,In-Store,Fashion,18,26,611.18,23.51,0,2,Occasional Big Spenders
CUST00918,47,Female,73074.96,1.98,In-Store,Groceries,134,6,372.42,62.07,0,1,At-Risk / Disengaged
CUST00919,37,Male,45906.0,0.23,Online,Beauty,95,5,404.06,80.81,0,1,At-Risk / Disengaged
CUST00920,25,Female,32269.52,1.7,Online,Groceries,19,21,621.2,29.58,0,2,Occasional Big Spenders
CUST00921,55,Female,38437.72,0.15,In-Store,Electronics,82,2,139.61,69.81,0,1,At-Risk / Disengaged
CUST00922,56,Male,111100.85,7.35,Online,Fashion,6,25,5463.27,218.53,1,0,VIP / Premium Loyalists
CUST00923,34,Female,45004.44,2.42,Mobile App,Home & Garden,111,1,331.71,331.71,1,1,At-Risk / Disengaged
CUST00924,35,Male,55976.72,2.35,Online,Fashion,127,4,285.32,71.33,1,1,At-Risk / Disengaged
CUST00925,36,Female,111749.48,3.7,In-Store,Electronics,9,20,3729.71,186.49,0,0,VIP / Premium Loyalists
CUST00926,28,Male,39079.82,1.37,In-Store,Sports,9,16,319.2,19.95,0,2,Occasional Big Spenders
CUST00927,30,Male,29186.06,0.21,In-Store,Home & Garden,23,12,672.09,56.01,1,2,Occasional Big Spenders
CUST00928,30,Male,67373.83,5.34,Online,Home & Garden,38,4,3418.26,854.56,1,3,Budget Shoppers
CUST00929,37,Female,97659.61,2.69,Mobile App,Groceries,34,6,3871.23,645.21,0,3,Budget Shoppers
CUST00930,23,Female,23466.84,1.9,Online,Beauty,22,14,562.06,40.15,1,2,Occasional Big Spenders
CUST00931,36,Male,35278.46,3.41,In-Store,Groceries,9,12,763.49,63.62,1,2,Occasional Big Spenders
CUST00932,28,Female,15000.0,7.74,Online,Home & Garden,155,1,282.49,282.49,1,1,At-Risk / Disengaged
CUST00933,36,Female,44423.31,3.9,Online,Home & Garden,76,3,527.06,175.69,0,1,At-Risk / Disengaged
CUST00934,30,Female,86198.14,0.28,Online,Beauty,36,5,2558.79,511.76,0,3,Budget Shoppers
CUST00935,31,Female,38587.88,0.44,Online,Fashion,14,13,613.86,47.22,0,2,Occasional Big Spenders
CUST00936,19,Female,19484.76,1.95,Mobile App,Beauty,22,11,334.11,30.37,1,2,Occasional Big Spenders
CUST00937,33,Female,33768.02,0.34,Online,Sports,14,20,467.4,23.37,0,2,Occasional Big Spenders
CUST00938,37,Male,29853.12,3.53,In-Store,Groceries,108,6,187.33,31.22,0,1,At-Risk / Disengaged
CUST00939,32,Male,32556.44,2.58,Mobile App,Fashion,1,28,590.84,21.1,1,2,Occasional Big Spenders
CUST00940,31,Male,115214.96,0.1,Online,Groceries,51,4,2788.58,697.14,1,3,Budget Shoppers
CUST00941,32,Male,26388.95,0.79,In-Store,Beauty,10,23,193.11,8.4,1,2,Occasional Big Spenders
CUST00942,37,Female,85812.04,9.04,Online,Fashion,39,3,3515.76,1171.92,1,3,Budget Shoppers
CUST00943,33,Male,75251.41,2.6,Online,Beauty,79,10,1986.55,198.66,1,1,At-Risk / Disengaged
CUST00944,54,Male,82396.09,1.5,Online,Sports,64,2,367.28,183.64,0,1,At-Risk / Disengaged
CUST00945,23,Female,21868.96,1.01,Mobile App,Electronics,15,12,560.17,46.68,1,2,Occasional Big Spenders
CUST00946,34,Male,38734.04,3.24,Online,Home & Garden,21,9,589.95,65.55,1,2,Occasional Big Spenders
CUST00947,20,Male,38150.99,0.75,In-Store,Fashion,22,15,643.68,42.91,0,2,Occasional Big Spenders
CUST00948,31,Male,65657.68,0.15,In-Store,Home & Garden,119,5,50.0,10.0,0,1,At-Risk / Disengaged
CUST00949,26,Female,55406.63,0.59,Mobile App,Electronics,114,2,459.91,229.96,1,1,At-Risk / Disengaged
CUST00950,46,Male,106861.17,0.46,Online,Fashion,38,7,3146.77,449.54,0,3,Budget Shoppers
CUST00951,43,Male,106561.42,1.78,In-Store,Home & Garden,20,8,2401.21,300.15,1,3,Budget Shoppers
CUST00952,35,Female,62538.73,2.56,In-Store,Home & Garden,61,2,2518.33,1259.16,0,3,Budget Shoppers
CUST00953,22,Female,32349.18,4.5,In-Store,Fashion,26,22,576.32,26.2,0,2,Occasional Big Spenders
CUST00954,39,Female,52265.49,5.34,Mobile App,Home & Garden,101,6,342.98,57.16,0,1,At-Risk / Disengaged
CUST00955,42,Female,124836.45,1.29,Mobile App,Home & Garden,8,18,3877.37,215.41,0,0,VIP / Premium Loyalists
CUST00956,46,Male,108444.55,9.45,Online,Fashion,6,18,4536.87,252.05,0,4,Steady Regulars
CUST00957,27,Male,96021.35,0.56,Online,Home & Garden,47,6,3443.91,573.98,1,3,Budget Shoppers
CUST00958,32,Male,40322.17,2.28,Online,Home & Garden,7,16,381.58,23.85,0,2,Occasional Big Spenders
CUST00959,26,Male,46734.26,0.48,Online,Groceries,19,20,421.36,21.07,0,2,Occasional Big Spenders
CUST00960,44,Male,81988.07,1.52,Online,Sports,40,4,2324.12,581.03,0,3,Budget Shoppers
CUST00961,32,Male,44021.49,1.77,Online,Groceries,1,23,478.42,20.8,0,2,Occasional Big Spenders
CUST00962,46,Female,132328.02,3.7,Online,Electronics,33,7,2038.93,291.28,1,3,Budget Shoppers
CUST00963,39,Female,30768.43,2.42,Mobile App,Groceries,23,17,785.01,46.18,0,2,Occasional Big Spenders
CUST00964,45,Male,81477.73,1.03,Online,Groceries,6,31,3924.54,126.6,0,0,VIP / Premium Loyalists
CUST00965,34,Female,35889.04,2.37,Mobile App,Electronics,26,11,533.51,48.5,0,2,Occasional Big Spenders
CUST00966,43,Male,104401.51,14.45,Online,Home & Garden,6,22,4943.79,224.72,1,4,Steady Regulars
CUST00967,30,Male,92954.0,4.04,In-Store,Home & Garden,43,6,2822.23,470.37,0,3,Budget Shoppers
CUST00968,27,Female,21766.59,1.2,Mobile App,Groceries,7,17,362.46,21.32,0,2,Occasional Big Spenders
CUST00969,26,Male,108220.58,1.43,Online,Electronics,14,6,4302.08,717.01,0,3,Budget Shoppers
CUST00970,33,Male,141471.99,1.15,Online,Home & Garden,6,29,4605.14,158.8,0,0,VIP / Premium Loyalists
CUST00971,51,Male,127172.24,0.6,Online,Beauty,41,1,2225.38,2225.38,1,3,Budget Shoppers
CUST00972,30,Female,54716.76,3.92,Online,Fashion,100,4,316.94,79.24,0,1,At-Risk / Disengaged
CUST00973,36,Female,114772.73,0.22,Mobile App,Fashion,50,6,3434.58,572.43,0,3,Budget Shoppers
CUST00974,27,Male,32948.78,6.67,Mobile App,Sports,4,24,650.54,27.11,0,2,Occasional Big Spenders
CUST00975,24,Female,33987.85,2.03,Online,Fashion,19,24,596.34,24.85,1,2,Occasional Big Spenders
CUST00976,20,Female,34982.3,0.49,Online,Groceries,28,13,859.13,66.09,1,2,Occasional Big Spenders
CUST00977,30,Female,109566.76,0.31,Online,Fashion,47,3,3416.05,1138.68,0,3,Budget Shoppers
CUST00978,20,Female,24672.45,1.41,Online,Fashion,22,22,494.12,22.46,0,2,Occasional Big Spenders
CUST00979,44,Male,116129.02,3.1,In-Store,Beauty,6,25,4551.59,182.06,0,0,VIP / Premium Loyalists
CUST00980,37,Male,83267.47,1.17,Online,Home & Garden,40,8,3750.13,468.77,1,3,Budget Shoppers
CUST00981,49,Female,105418.38,0.44,In-Store,Beauty,3,19,5242.07,275.9,0,0,VIP / Premium Loyalists
CUST00982,37,Female,58585.78,4.59,Online,Groceries,94,1,99.8,99.8,0,1,At-Risk / Disengaged
CUST00983,24,Female,15000.0,0.86,Online,Fashion,3,11,620.28,56.39,1,2,Occasional Big Spenders
CUST00984,25,Female,39138.7,0.53,In-Store,Home & Garden,11,18,812.2,45.12,0,2,Occasional Big Spenders
CUST00985,26,Female,111231.12,0.69,Online,Sports,57,4,2263.77,565.94,1,3,Budget Shoppers
CUST00986,41,Female,110680.19,2.01,Mobile App,Sports,11,29,3938.56,135.81,1,0,VIP / Premium Loyalists
CUST00987,28,Female,83855.79,2.15,Mobile App,Fashion,22,4,1972.61,493.15,1,3,Budget Shoppers
CUST00988,53,Female,123144.02,1.18,Online,Fashion,7,33,3294.75,99.84,0,0,VIP / Premium Loyalists
CUST00989,23,Female,31136.13,0.72,Online,Sports,19,15,605.64,40.38,0,2,Occasional Big Spenders
CUST00990,31,Male,92917.05,3.97,Mobile App,Sports,129,1,175.86,175.86,0,1,At-Risk / Disengaged
CUST00991,32,Male,54420.79,2.67,Mobile App,Groceries,141,1,193.68,193.68,0,1,At-Risk / Disengaged
CUST00992,35,Female,69200.17,2.23,Mobile App,Fashion,47,9,2640.33,293.37,1,3,Budget Shoppers
CUST00993,28,Female,27746.81,1.86,Online,Sports,23,21,446.09,21.24,0,2,Occasional Big Spenders
CUST00994,41,Female,63597.83,2.23,Mobile App,Electronics,31,4,3261.52,815.38,0,3,Budget Shoppers
CUST00995,54,Female,104839.09,3.78,Online,Sports,13,27,3221.42,119.31,1,0,VIP / Premium Loyalists
CUST00996,34,Male,26691.55,2.03,In-Store,Home & Garden,25,21,981.06,46.72,0,2,Occasional Big Spenders
CUST00997,18,Male,55090.34,2.66,Mobile App,Home & Garden,110,3,255.77,85.26,0,1,At-Risk / Disengaged
CUST00998,31,Female,33421.06,1.77,Online,Electronics,24,21,601.66,28.65,0,2,Occasional Big Spenders
CUST00999,42,Male,56900.63,3.7,Mobile App,Groceries,166,5,217.72,43.54,0,1,At-Risk / Disengaged
CUST01000,52,Male,99421.55,2.84,Online,Fashion,6,19,2761.27,145.33,0,0,VIP / Premium Loyalists
